Record ID,Company,Domain,Custom Field 001,Custom Field 002,Custom Field 003,Custom Field 004,Custom Field 005,Custom Field 006,Custom Field 007,Custom Field 008,Custom Field 009,Custom Field 010,Custom Field 011,Custom Field 012,Custom Field 013,Custom Field 014,Custom Field 015,Custom Field 016,Custom Field 017,Custom Field 018,Custom Field 019,Custom Field 020,Custom Field 021,Custom Field 022,Custom Field 023,Custom Field 024,Custom Field 025,Custom Field 026,Custom Field 027,Custom Field 028,Custom Field 029,Custom Field 030,Custom Field 031,Custom Field 032,Custom Field 033,Custom Field 034,Custom Field 035,Custom Field 036,Custom Field 037,Custom Field 038,Custom Field 039,Custom Field 040,Custom Field 041,Custom Field 042,Custom Field 043,Custom Field 044,Custom Field 045,Custom Field 046,Custom Field 047,Custom Field 048,Custom Field 049,Custom Field 050,Custom Field 051,Custom Field 052,Custom Field 053,Custom Field 054,Custom Field 055,Custom Field 056,Custom Field 057,Custom Field 058,Custom Field 059,Custom Field 060,Custom Field 061,Custom Field 062,Custom Field 063,Custom Field 064,Custom Field 065,Custom Field 066,Custom Field 067,Custom Field 068,Custom Field 069,Custom Field 070,Custom Field 071,Custom Field 072,Custom Field 073,Custom Field 074,Custom Field 075,Custom Field 076,Custom Field 077,Custom Field 078,Custom Field 079,Custom Field 080,Custom Field 081,Custom Field 082,Custom Field 083,Custom Field 084,Custom Field 085,Custom Field 086,Custom Field 087,Custom Field 088,Custom Field 089,Custom Field 090,Custom Field 091,Custom Field 092,Custom Field 093,Custom Field 094,Custom Field 095,Custom Field 096,Custom Field 097,Custom Field 098,Custom Field 099,Custom Field 100,Custom Field 101,Custom Field 102,Custom Field 103,Custom Field 104,Custom Field 105,Custom Field 106,Custom Field 107,Custom Field 108,Custom Field 109,Custom Field 110,Custom Field 111,Custom Field 112,Custom Field 113,Custom Field 114,Custom Field 115,Custom Field 116,Custom Field 117,Custom Field 118,Custom Field 119,Custom Field 120,Custom Field 121,Custom Field 122,Custom Field 123,Custom Field 124,Custom Field 125,Custom Field 126,Custom Field 127,Custom Field 128,Custom Field 129,Custom Field 130,Custom Field 131,Custom Field 132,Custom Field 133,Custom Field 134,Custom Field 135,Custom Field 136,Custom Field 137,Custom Field 138,Custom Field 139,Custom Field 140,Custom Field 141,Custom Field 142,Custom Field 143,Custom Field 144,Custom Field 145,Custom Field 146,Custom Field 147,Custom Field 148,Custom Field 149,Custom Field 150,Custom Field 151,Custom Field 152,Custom Field 153,Custom Field 154,Custom Field 155,Custom Field 156,Custom Field 157,Custom Field 158,Custom Field 159,Custom Field 160,Custom Field 161,Custom Field 162,Custom Field 163,Custom Field 164,Custom Field 165,Custom Field 166,Custom Field 167,Custom Field 168,Custom Field 169,Custom Field 170,Custom Field 171,Custom Field 172,Custom Field 173,Custom Field 174,Custom Field 175,Custom Field 176,Custom Field 177,Custom Field 178,Custom Field 179,Custom Field 180,Custom Field 181,Custom Field 182,Custom Field 183,Custom Field 184,Custom Field 185,Custom Field 186,Custom Field 187,Custom Field 188,Custom Field 189,Custom Field 190,Custom Field 191,Custom Field 192,Custom Field 193,Custom Field 194,Custom Field 195,Custom Field 196,Custom Field 197
00000001,Wide Company 0,wide0.example,value-0-1,value-0-2,value-0-3,value-0-4,value-0-5,value-0-6,,value-0-8,value-0-9,value-0-10,value-0-11,value-0-12,value-0-13,,value-0-15,value-0-16,value-0-17,value-0-18,value-0-19,value-0-20,,value-0-22,value-0-23,value-0-24,value-0-25,value-0-26,value-0-27,,value-0-29,value-0-30,value-0-31,value-0-32,value-0-33,value-0-34,,value-0-36,value-0-37,value-0-38,value-0-39,value-0-40,value-0-41,,value-0-43,value-0-44,value-0-45,value-0-46,value-0-47,value-0-48,,value-0-50,value-0-51,value-0-52,value-0-53,value-0-54,value-0-55,,value-0-57,value-0-58,value-0-59,value-0-60,value-0-61,value-0-62,,value-0-64,value-0-65,value-0-66,value-0-67,value-0-68,value-0-69,,value-0-71,value-0-72,value-0-73,value-0-74,value-0-75,value-0-76,,value-0-78,value-0-79,value-0-80,value-0-81,value-0-82,value-0-83,,value-0-85,value-0-86,value-0-87,value-0-88,value-0-89,value-0-90,,value-0-92,value-0-93,value-0-94,value-0-95,value-0-96,value-0-97,,value-0-99,value-0-100,value-0-101,value-0-102,value-0-103,value-0-104,,value-0-106,value-0-107,value-0-108,value-0-109,value-0-110,value-0-111,,value-0-113,value-0-114,value-0-115,value-0-116,value-0-117,value-0-118,,value-0-120,value-0-121,value-0-122,value-0-123,value-0-124,value-0-125,,value-0-127,value-0-128,value-0-129,value-0-130,value-0-131,value-0-132,,value-0-134,value-0-135,value-0-136,value-0-137,value-0-138,value-0-139,,value-0-141,value-0-142,value-0-143,value-0-144,value-0-145,value-0-146,,value-0-148,value-0-149,value-0-150,value-0-151,value-0-152,value-0-153,,value-0-155,value-0-156,value-0-157,value-0-158,value-0-159,value-0-160,,value-0-162,value-0-163,value-0-164,value-0-165,value-0-166,value-0-167,,value-0-169,value-0-170,value-0-171,value-0-172,value-0-173,value-0-174,,value-0-176,value-0-177,value-0-178,value-0-179,value-0-180,value-0-181,,value-0-183,value-0-184,value-0-185,value-0-186,value-0-187,value-0-188,,value-0-190,value-0-191,value-0-192,value-0-193,value-0-194,value-0-195,,value-0-197
00000002,Wide Company 1,wide1.example,value-1-1,value-1-2,value-1-3,value-1-4,value-1-5,,value-1-7,value-1-8,value-1-9,value-1-10,value-1-11,value-1-12,,value-1-14,value-1-15,value-1-16,value-1-17,value-1-18,value-1-19,,value-1-21,value-1-22,value-1-23,value-1-24,value-1-25,value-1-26,,value-1-28,value-1-29,value-1-30,value-1-31,value-1-32,value-1-33,,value-1-35,value-1-36,value-1-37,value-1-38,value-1-39,value-1-40,,value-1-42,value-1-43,value-1-44,value-1-45,value-1-46,value-1-47,,value-1-49,value-1-50,value-1-51,value-1-52,value-1-53,value-1-54,,value-1-56,value-1-57,value-1-58,value-1-59,value-1-60,value-1-61,,value-1-63,value-1-64,value-1-65,value-1-66,value-1-67,value-1-68,,value-1-70,value-1-71,value-1-72,value-1-73,value-1-74,value-1-75,,value-1-77,value-1-78,value-1-79,value-1-80,value-1-81,value-1-82,,value-1-84,value-1-85,value-1-86,value-1-87,value-1-88,value-1-89,,value-1-91,value-1-92,value-1-93,value-1-94,value-1-95,value-1-96,,value-1-98,value-1-99,value-1-100,value-1-101,value-1-102,value-1-103,,value-1-105,value-1-106,value-1-107,value-1-108,value-1-109,value-1-110,,value-1-112,value-1-113,value-1-114,value-1-115,value-1-116,value-1-117,,value-1-119,value-1-120,value-1-121,value-1-122,value-1-123,value-1-124,,value-1-126,value-1-127,value-1-128,value-1-129,value-1-130,value-1-131,,value-1-133,value-1-134,value-1-135,value-1-136,value-1-137,value-1-138,,value-1-140,value-1-141,value-1-142,value-1-143,value-1-144,value-1-145,,value-1-147,value-1-148,value-1-149,value-1-150,value-1-151,value-1-152,,value-1-154,value-1-155,value-1-156,value-1-157,value-1-158,value-1-159,,value-1-161,value-1-162,value-1-163,value-1-164,value-1-165,value-1-166,,value-1-168,value-1-169,value-1-170,value-1-171,value-1-172,value-1-173,,value-1-175,value-1-176,value-1-177,value-1-178,value-1-179,value-1-180,,value-1-182,value-1-183,value-1-184,value-1-185,value-1-186,value-1-187,,value-1-189,value-1-190,value-1-191,value-1-192,value-1-193,value-1-194,,value-1-196,value-1-197
00000003,Wide Company 2,wide2.example,value-2-1,value-2-2,value-2-3,value-2-4,,value-2-6,value-2-7,value-2-8,value-2-9,value-2-10,value-2-11,,value-2-13,value-2-14,value-2-15,value-2-16,value-2-17,value-2-18,,value-2-20,value-2-21,value-2-22,value-2-23,value-2-24,value-2-25,,value-2-27,value-2-28,value-2-29,value-2-30,value-2-31,value-2-32,,value-2-34,value-2-35,value-2-36,value-2-37,value-2-38,value-2-39,,value-2-41,value-2-42,value-2-43,value-2-44,value-2-45,value-2-46,,value-2-48,value-2-49,value-2-50,value-2-51,value-2-52,value-2-53,,value-2-55,value-2-56,value-2-57,value-2-58,value-2-59,value-2-60,,value-2-62,value-2-63,value-2-64,value-2-65,value-2-66,value-2-67,,value-2-69,value-2-70,value-2-71,value-2-72,value-2-73,value-2-74,,value-2-76,value-2-77,value-2-78,value-2-79,value-2-80,value-2-81,,value-2-83,value-2-84,value-2-85,value-2-86,value-2-87,value-2-88,,value-2-90,value-2-91,value-2-92,value-2-93,value-2-94,value-2-95,,value-2-97,value-2-98,value-2-99,value-2-100,value-2-101,value-2-102,,value-2-104,value-2-105,value-2-106,value-2-107,value-2-108,value-2-109,,value-2-111,value-2-112,value-2-113,value-2-114,value-2-115,value-2-116,,value-2-118,value-2-119,value-2-120,value-2-121,value-2-122,value-2-123,,value-2-125,value-2-126,value-2-127,value-2-128,value-2-129,value-2-130,,value-2-132,value-2-133,value-2-134,value-2-135,value-2-136,value-2-137,,value-2-139,value-2-140,value-2-141,value-2-142,value-2-143,value-2-144,,value-2-146,value-2-147,value-2-148,value-2-149,value-2-150,value-2-151,,value-2-153,value-2-154,value-2-155,value-2-156,value-2-157,value-2-158,,value-2-160,value-2-161,value-2-162,value-2-163,value-2-164,value-2-165,,value-2-167,value-2-168,value-2-169,value-2-170,value-2-171,value-2-172,,value-2-174,value-2-175,value-2-176,value-2-177,value-2-178,value-2-179,,value-2-181,value-2-182,value-2-183,value-2-184,value-2-185,value-2-186,,value-2-188,value-2-189,value-2-190,value-2-191,value-2-192,value-2-193,,value-2-195,value-2-196,value-2-197
00000004,Wide Company 3,wide3.example,value-3-1,value-3-2,value-3-3,,value-3-5,value-3-6,value-3-7,value-3-8,value-3-9,value-3-10,,value-3-12,value-3-13,value-3-14,value-3-15,value-3-16,value-3-17,,value-3-19,value-3-20,value-3-21,value-3-22,value-3-23,value-3-24,,value-3-26,value-3-27,value-3-28,value-3-29,value-3-30,value-3-31,,value-3-33,value-3-34,value-3-35,value-3-36,value-3-37,value-3-38,,value-3-40,value-3-41,value-3-42,value-3-43,value-3-44,value-3-45,,value-3-47,value-3-48,value-3-49,value-3-50,value-3-51,value-3-52,,value-3-54,value-3-55,value-3-56,value-3-57,value-3-58,value-3-59,,value-3-61,value-3-62,value-3-63,value-3-64,value-3-65,value-3-66,,value-3-68,value-3-69,value-3-70,value-3-71,value-3-72,value-3-73,,value-3-75,value-3-76,value-3-77,value-3-78,value-3-79,value-3-80,,value-3-82,value-3-83,value-3-84,value-3-85,value-3-86,value-3-87,,value-3-89,value-3-90,value-3-91,value-3-92,value-3-93,value-3-94,,value-3-96,value-3-97,value-3-98,value-3-99,value-3-100,value-3-101,,value-3-103,value-3-104,value-3-105,value-3-106,value-3-107,value-3-108,,value-3-110,value-3-111,value-3-112,value-3-113,value-3-114,value-3-115,,value-3-117,value-3-118,value-3-119,value-3-120,value-3-121,value-3-122,,value-3-124,value-3-125,value-3-126,value-3-127,value-3-128,value-3-129,,value-3-131,value-3-132,value-3-133,value-3-134,value-3-135,value-3-136,,value-3-138,value-3-139,value-3-140,value-3-141,value-3-142,value-3-143,,value-3-145,value-3-146,value-3-147,value-3-148,value-3-149,value-3-150,,value-3-152,value-3-153,value-3-154,value-3-155,value-3-156,value-3-157,,value-3-159,value-3-160,value-3-161,value-3-162,value-3-163,value-3-164,,value-3-166,value-3-167,value-3-168,value-3-169,value-3-170,value-3-171,,value-3-173,value-3-174,value-3-175,value-3-176,value-3-177,value-3-178,,value-3-180,value-3-181,value-3-182,value-3-183,value-3-184,value-3-185,,value-3-187,value-3-188,value-3-189,value-3-190,value-3-191,value-3-192,,value-3-194,value-3-195,value-3-196,value-3-197
00000005,Wide Company 4,wide4.example,value-4-1,value-4-2,,value-4-4,value-4-5,value-4-6,value-4-7,value-4-8,value-4-9,,value-4-11,value-4-12,value-4-13,value-4-14,value-4-15,value-4-16,,value-4-18,value-4-19,value-4-20,value-4-21,value-4-22,value-4-23,,value-4-25,value-4-26,value-4-27,value-4-28,value-4-29,value-4-30,,value-4-32,value-4-33,value-4-34,value-4-35,value-4-36,value-4-37,,value-4-39,value-4-40,value-4-41,value-4-42,value-4-43,value-4-44,,value-4-46,value-4-47,value-4-48,value-4-49,value-4-50,value-4-51,,value-4-53,value-4-54,value-4-55,value-4-56,value-4-57,value-4-58,,value-4-60,value-4-61,value-4-62,value-4-63,value-4-64,value-4-65,,value-4-67,value-4-68,value-4-69,value-4-70,value-4-71,value-4-72,,value-4-74,value-4-75,value-4-76,value-4-77,value-4-78,value-4-79,,value-4-81,value-4-82,value-4-83,value-4-84,value-4-85,value-4-86,,value-4-88,value-4-89,value-4-90,value-4-91,value-4-92,value-4-93,,value-4-95,value-4-96,value-4-97,value-4-98,value-4-99,value-4-100,,value-4-102,value-4-103,value-4-104,value-4-105,value-4-106,value-4-107,,value-4-109,value-4-110,value-4-111,value-4-112,value-4-113,value-4-114,,value-4-116,value-4-117,value-4-118,value-4-119,value-4-120,value-4-121,,value-4-123,value-4-124,value-4-125,value-4-126,value-4-127,value-4-128,,value-4-130,value-4-131,value-4-132,value-4-133,value-4-134,value-4-135,,value-4-137,value-4-138,value-4-139,value-4-140,value-4-141,value-4-142,,value-4-144,value-4-145,value-4-146,value-4-147,value-4-148,value-4-149,,value-4-151,value-4-152,value-4-153,value-4-154,value-4-155,value-4-156,,value-4-158,value-4-159,value-4-160,value-4-161,value-4-162,value-4-163,,value-4-165,value-4-166,value-4-167,value-4-168,value-4-169,value-4-170,,value-4-172,value-4-173,value-4-174,value-4-175,value-4-176,value-4-177,,value-4-179,value-4-180,value-4-181,value-4-182,value-4-183,value-4-184,,value-4-186,value-4-187,value-4-188,value-4-189,value-4-190,value-4-191,,value-4-193,value-4-194,value-4-195,value-4-196,value-4-197
00000006,Wide Company 5,wide5.example,value-5-1,,value-5-3,value-5-4,value-5-5,value-5-6,value-5-7,value-5-8,,value-5-10,value-5-11,value-5-12,value-5-13,value-5-14,value-5-15,,value-5-17,value-5-18,value-5-19,value-5-20,value-5-21,value-5-22,,value-5-24,value-5-25,value-5-26,value-5-27,value-5-28,value-5-29,,value-5-31,value-5-32,value-5-33,value-5-34,value-5-35,value-5-36,,value-5-38,value-5-39,value-5-40,value-5-41,value-5-42,value-5-43,,value-5-45,value-5-46,value-5-47,value-5-48,value-5-49,value-5-50,,value-5-52,value-5-53,value-5-54,value-5-55,value-5-56,value-5-57,,value-5-59,value-5-60,value-5-61,value-5-62,value-5-63,value-5-64,,value-5-66,value-5-67,value-5-68,value-5-69,value-5-70,value-5-71,,value-5-73,value-5-74,value-5-75,value-5-76,value-5-77,value-5-78,,value-5-80,value-5-81,value-5-82,value-5-83,value-5-84,value-5-85,,value-5-87,value-5-88,value-5-89,value-5-90,value-5-91,value-5-92,,value-5-94,value-5-95,value-5-96,value-5-97,value-5-98,value-5-99,,value-5-101,value-5-102,value-5-103,value-5-104,value-5-105,value-5-106,,value-5-108,value-5-109,value-5-110,value-5-111,value-5-112,value-5-113,,value-5-115,value-5-116,value-5-117,value-5-118,value-5-119,value-5-120,,value-5-122,value-5-123,value-5-124,value-5-125,value-5-126,value-5-127,,value-5-129,value-5-130,value-5-131,value-5-132,value-5-133,value-5-134,,value-5-136,value-5-137,value-5-138,value-5-139,value-5-140,value-5-141,,value-5-143,value-5-144,value-5-145,value-5-146,value-5-147,value-5-148,,value-5-150,value-5-151,value-5-152,value-5-153,value-5-154,value-5-155,,value-5-157,value-5-158,value-5-159,value-5-160,value-5-161,value-5-162,,value-5-164,value-5-165,value-5-166,value-5-167,value-5-168,value-5-169,,value-5-171,value-5-172,value-5-173,value-5-174,value-5-175,value-5-176,,value-5-178,value-5-179,value-5-180,value-5-181,value-5-182,value-5-183,,value-5-185,value-5-186,value-5-187,value-5-188,value-5-189,value-5-190,,value-5-192,value-5-193,value-5-194,value-5-195,value-5-196,value-5-197
00000007,Wide Company 6,wide6.example,,value-6-2,value-6-3,value-6-4,value-6-5,value-6-6,value-6-7,,value-6-9,value-6-10,value-6-11,value-6-12,value-6-13,value-6-14,,value-6-16,value-6-17,value-6-18,value-6-19,value-6-20,value-6-21,,value-6-23,value-6-24,value-6-25,value-6-26,value-6-27,value-6-28,,value-6-30,value-6-31,value-6-32,value-6-33,value-6-34,value-6-35,,value-6-37,value-6-38,value-6-39,value-6-40,value-6-41,value-6-42,,value-6-44,value-6-45,value-6-46,value-6-47,value-6-48,value-6-49,,value-6-51,value-6-52,value-6-53,value-6-54,value-6-55,value-6-56,,value-6-58,value-6-59,value-6-60,value-6-61,value-6-62,value-6-63,,value-6-65,value-6-66,value-6-67,value-6-68,value-6-69,value-6-70,,value-6-72,value-6-73,value-6-74,value-6-75,value-6-76,value-6-77,,value-6-79,value-6-80,value-6-81,value-6-82,value-6-83,value-6-84,,value-6-86,value-6-87,value-6-88,value-6-89,value-6-90,value-6-91,,value-6-93,value-6-94,value-6-95,value-6-96,value-6-97,value-6-98,,value-6-100,value-6-101,value-6-102,value-6-103,value-6-104,value-6-105,,value-6-107,value-6-108,value-6-109,value-6-110,value-6-111,value-6-112,,value-6-114,value-6-115,value-6-116,value-6-117,value-6-118,value-6-119,,value-6-121,value-6-122,value-6-123,value-6-124,value-6-125,value-6-126,,value-6-128,value-6-129,value-6-130,value-6-131,value-6-132,value-6-133,,value-6-135,value-6-136,value-6-137,value-6-138,value-6-139,value-6-140,,value-6-142,value-6-143,value-6-144,value-6-145,value-6-146,value-6-147,,value-6-149,value-6-150,value-6-151,value-6-152,value-6-153,value-6-154,,value-6-156,value-6-157,value-6-158,value-6-159,value-6-160,value-6-161,,value-6-163,value-6-164,value-6-165,value-6-166,value-6-167,value-6-168,,value-6-170,value-6-171,value-6-172,value-6-173,value-6-174,value-6-175,,value-6-177,value-6-178,value-6-179,value-6-180,value-6-181,value-6-182,,value-6-184,value-6-185,value-6-186,value-6-187,value-6-188,value-6-189,,value-6-191,value-6-192,value-6-193,value-6-194,value-6-195,value-6-196,
00000008,Wide Company 7,wide7.example,value-7-1,value-7-2,value-7-3,value-7-4,value-7-5,value-7-6,,value-7-8,value-7-9,value-7-10,value-7-11,value-7-12,value-7-13,,value-7-15,value-7-16,value-7-17,value-7-18,value-7-19,value-7-20,,value-7-22,value-7-23,value-7-24,value-7-25,value-7-26,value-7-27,,value-7-29,value-7-30,value-7-31,value-7-32,value-7-33,value-7-34,,value-7-36,value-7-37,value-7-38,value-7-39,value-7-40,value-7-41,,value-7-43,value-7-44,value-7-45,value-7-46,value-7-47,value-7-48,,value-7-50,value-7-51,value-7-52,value-7-53,value-7-54,value-7-55,,value-7-57,value-7-58,value-7-59,value-7-60,value-7-61,value-7-62,,value-7-64,value-7-65,value-7-66,value-7-67,value-7-68,value-7-69,,value-7-71,value-7-72,value-7-73,value-7-74,value-7-75,value-7-76,,value-7-78,value-7-79,value-7-80,value-7-81,value-7-82,value-7-83,,value-7-85,value-7-86,value-7-87,value-7-88,value-7-89,value-7-90,,value-7-92,value-7-93,value-7-94,value-7-95,value-7-96,value-7-97,,value-7-99,value-7-100,value-7-101,value-7-102,value-7-103,value-7-104,,value-7-106,value-7-107,value-7-108,value-7-109,value-7-110,value-7-111,,value-7-113,value-7-114,value-7-115,value-7-116,value-7-117,value-7-118,,value-7-120,value-7-121,value-7-122,value-7-123,value-7-124,value-7-125,,value-7-127,value-7-128,value-7-129,value-7-130,value-7-131,value-7-132,,value-7-134,value-7-135,value-7-136,value-7-137,value-7-138,value-7-139,,value-7-141,value-7-142,value-7-143,value-7-144,value-7-145,value-7-146,,value-7-148,value-7-149,value-7-150,value-7-151,value-7-152,value-7-153,,value-7-155,value-7-156,value-7-157,value-7-158,value-7-159,value-7-160,,value-7-162,value-7-163,value-7-164,value-7-165,value-7-166,value-7-167,,value-7-169,value-7-170,value-7-171,value-7-172,value-7-173,value-7-174,,value-7-176,value-7-177,value-7-178,value-7-179,value-7-180,value-7-181,,value-7-183,value-7-184,value-7-185,value-7-186,value-7-187,value-7-188,,value-7-190,value-7-191,value-7-192,value-7-193,value-7-194,value-7-195,,value-7-197
00000009,Wide Company 8,wide8.example,value-8-1,value-8-2,value-8-3,value-8-4,value-8-5,,value-8-7,value-8-8,value-8-9,value-8-10,value-8-11,value-8-12,,value-8-14,value-8-15,value-8-16,value-8-17,value-8-18,value-8-19,,value-8-21,value-8-22,value-8-23,value-8-24,value-8-25,value-8-26,,value-8-28,value-8-29,value-8-30,value-8-31,value-8-32,value-8-33,,value-8-35,value-8-36,value-8-37,value-8-38,value-8-39,value-8-40,,value-8-42,value-8-43,value-8-44,value-8-45,value-8-46,value-8-47,,value-8-49,value-8-50,value-8-51,value-8-52,value-8-53,value-8-54,,value-8-56,value-8-57,value-8-58,value-8-59,value-8-60,value-8-61,,value-8-63,value-8-64,value-8-65,value-8-66,value-8-67,value-8-68,,value-8-70,value-8-71,value-8-72,value-8-73,value-8-74,value-8-75,,value-8-77,value-8-78,value-8-79,value-8-80,value-8-81,value-8-82,,value-8-84,value-8-85,value-8-86,value-8-87,value-8-88,value-8-89,,value-8-91,value-8-92,value-8-93,value-8-94,value-8-95,value-8-96,,value-8-98,value-8-99,value-8-100,value-8-101,value-8-102,value-8-103,,value-8-105,value-8-106,value-8-107,value-8-108,value-8-109,value-8-110,,value-8-112,value-8-113,value-8-114,value-8-115,value-8-116,value-8-117,,value-8-119,value-8-120,value-8-121,value-8-122,value-8-123,value-8-124,,value-8-126,value-8-127,value-8-128,value-8-129,value-8-130,value-8-131,,value-8-133,value-8-134,value-8-135,value-8-136,value-8-137,value-8-138,,value-8-140,value-8-141,value-8-142,value-8-143,value-8-144,value-8-145,,value-8-147,value-8-148,value-8-149,value-8-150,value-8-151,value-8-152,,value-8-154,value-8-155,value-8-156,value-8-157,value-8-158,value-8-159,,value-8-161,value-8-162,value-8-163,value-8-164,value-8-165,value-8-166,,value-8-168,value-8-169,value-8-170,value-8-171,value-8-172,value-8-173,,value-8-175,value-8-176,value-8-177,value-8-178,value-8-179,value-8-180,,value-8-182,value-8-183,value-8-184,value-8-185,value-8-186,value-8-187,,value-8-189,value-8-190,value-8-191,value-8-192,value-8-193,value-8-194,,value-8-196,value-8-197
00000010,Wide Company 9,wide9.example,value-9-1,value-9-2,value-9-3,value-9-4,,value-9-6,value-9-7,value-9-8,value-9-9,value-9-10,value-9-11,,value-9-13,value-9-14,value-9-15,value-9-16,value-9-17,value-9-18,,value-9-20,value-9-21,value-9-22,value-9-23,value-9-24,value-9-25,,value-9-27,value-9-28,value-9-29,value-9-30,value-9-31,value-9-32,,value-9-34,value-9-35,value-9-36,value-9-37,value-9-38,value-9-39,,value-9-41,value-9-42,value-9-43,value-9-44,value-9-45,value-9-46,,value-9-48,value-9-49,value-9-50,value-9-51,value-9-52,value-9-53,,value-9-55,value-9-56,value-9-57,value-9-58,value-9-59,value-9-60,,value-9-62,value-9-63,value-9-64,value-9-65,value-9-66,value-9-67,,value-9-69,value-9-70,value-9-71,value-9-72,value-9-73,value-9-74,,value-9-76,value-9-77,value-9-78,value-9-79,value-9-80,value-9-81,,value-9-83,value-9-84,value-9-85,value-9-86,value-9-87,value-9-88,,value-9-90,value-9-91,value-9-92,value-9-93,value-9-94,value-9-95,,value-9-97,value-9-98,value-9-99,value-9-100,value-9-101,value-9-102,,value-9-104,value-9-105,value-9-106,value-9-107,value-9-108,value-9-109,,value-9-111,value-9-112,value-9-113,value-9-114,value-9-115,value-9-116,,value-9-118,value-9-119,value-9-120,value-9-121,value-9-122,value-9-123,,value-9-125,value-9-126,value-9-127,value-9-128,value-9-129,value-9-130,,value-9-132,value-9-133,value-9-134,value-9-135,value-9-136,value-9-137,,value-9-139,value-9-140,value-9-141,value-9-142,value-9-143,value-9-144,,value-9-146,value-9-147,value-9-148,value-9-149,value-9-150,value-9-151,,value-9-153,value-9-154,value-9-155,value-9-156,value-9-157,value-9-158,,value-9-160,value-9-161,value-9-162,value-9-163,value-9-164,value-9-165,,value-9-167,value-9-168,value-9-169,value-9-170,value-9-171,value-9-172,,value-9-174,value-9-175,value-9-176,value-9-177,value-9-178,value-9-179,,value-9-181,value-9-182,value-9-183,value-9-184,value-9-185,value-9-186,,value-9-188,value-9-189,value-9-190,value-9-191,value-9-192,value-9-193,,value-9-195,value-9-196,value-9-197
00000011,Wide Company 10,wide10.example,value-10-1,value-10-2,value-10-3,,value-10-5,value-10-6,value-10-7,value-10-8,value-10-9,value-10-10,,value-10-12,value-10-13,value-10-14,value-10-15,value-10-16,value-10-17,,value-10-19,value-10-20,value-10-21,value-10-22,value-10-23,value-10-24,,value-10-26,value-10-27,value-10-28,value-10-29,value-10-30,value-10-31,,value-10-33,value-10-34,value-10-35,value-10-36,value-10-37,value-10-38,,value-10-40,value-10-41,value-10-42,value-10-43,value-10-44,value-10-45,,value-10-47,value-10-48,value-10-49,value-10-50,value-10-51,value-10-52,,value-10-54,value-10-55,value-10-56,value-10-57,value-10-58,value-10-59,,value-10-61,value-10-62,value-10-63,value-10-64,value-10-65,value-10-66,,value-10-68,value-10-69,value-10-70,value-10-71,value-10-72,value-10-73,,value-10-75,value-10-76,value-10-77,value-10-78,value-10-79,value-10-80,,value-10-82,value-10-83,value-10-84,value-10-85,value-10-86,value-10-87,,value-10-89,value-10-90,value-10-91,value-10-92,value-10-93,value-10-94,,value-10-96,value-10-97,value-10-98,value-10-99,value-10-100,value-10-101,,value-10-103,value-10-104,value-10-105,value-10-106,value-10-107,value-10-108,,value-10-110,value-10-111,value-10-112,value-10-113,value-10-114,value-10-115,,value-10-117,value-10-118,value-10-119,value-10-120,value-10-121,value-10-122,,value-10-124,value-10-125,value-10-126,value-10-127,value-10-128,value-10-129,,value-10-131,value-10-132,value-10-133,value-10-134,value-10-135,value-10-136,,value-10-138,value-10-139,value-10-140,value-10-141,value-10-142,value-10-143,,value-10-145,value-10-146,value-10-147,value-10-148,value-10-149,value-10-150,,value-10-152,value-10-153,value-10-154,value-10-155,value-10-156,value-10-157,,value-10-159,value-10-160,value-10-161,value-10-162,value-10-163,value-10-164,,value-10-166,value-10-167,value-10-168,value-10-169,value-10-170,value-10-171,,value-10-173,value-10-174,value-10-175,value-10-176,value-10-177,value-10-178,,value-10-180,value-10-181,value-10-182,value-10-183,value-10-184,value-10-185,,value-10-187,value-10-188,value-10-189,value-10-190,value-10-191,value-10-192,,value-10-194,value-10-195,value-10-196,value-10-197
00000012,Wide Company 11,wide11.example,value-11-1,value-11-2,,value-11-4,value-11-5,value-11-6,value-11-7,value-11-8,value-11-9,,value-11-11,value-11-12,value-11-13,value-11-14,value-11-15,value-11-16,,value-11-18,value-11-19,value-11-20,value-11-21,value-11-22,value-11-23,,value-11-25,value-11-26,value-11-27,value-11-28,value-11-29,value-11-30,,value-11-32,value-11-33,value-11-34,value-11-35,value-11-36,value-11-37,,value-11-39,value-11-40,value-11-41,value-11-42,value-11-43,value-11-44,,value-11-46,value-11-47,value-11-48,value-11-49,value-11-50,value-11-51,,value-11-53,value-11-54,value-11-55,value-11-56,value-11-57,value-11-58,,value-11-60,value-11-61,value-11-62,value-11-63,value-11-64,value-11-65,,value-11-67,value-11-68,value-11-69,value-11-70,value-11-71,value-11-72,,value-11-74,value-11-75,value-11-76,value-11-77,value-11-78,value-11-79,,value-11-81,value-11-82,value-11-83,value-11-84,value-11-85,value-11-86,,value-11-88,value-11-89,value-11-90,value-11-91,value-11-92,value-11-93,,value-11-95,value-11-96,value-11-97,value-11-98,value-11-99,value-11-100,,value-11-102,value-11-103,value-11-104,value-11-105,value-11-106,value-11-107,,value-11-109,value-11-110,value-11-111,value-11-112,value-11-113,value-11-114,,value-11-116,value-11-117,value-11-118,value-11-119,value-11-120,value-11-121,,value-11-123,value-11-124,value-11-125,value-11-126,value-11-127,value-11-128,,value-11-130,value-11-131,value-11-132,value-11-133,value-11-134,value-11-135,,value-11-137,value-11-138,value-11-139,value-11-140,value-11-141,value-11-142,,value-11-144,value-11-145,value-11-146,value-11-147,value-11-148,value-11-149,,value-11-151,value-11-152,value-11-153,value-11-154,value-11-155,value-11-156,,value-11-158,value-11-159,value-11-160,value-11-161,value-11-162,value-11-163,,value-11-165,value-11-166,value-11-167,value-11-168,value-11-169,value-11-170,,value-11-172,value-11-173,value-11-174,value-11-175,value-11-176,value-11-177,,value-11-179,value-11-180,value-11-181,value-11-182,value-11-183,value-11-184,,value-11-186,value-11-187,value-11-188,value-11-189,value-11-190,value-11-191,,value-11-193,value-11-194,value-11-195,value-11-196,value-11-197
00000013,Wide Company 12,wide12.example,value-12-1,,value-12-3,value-12-4,value-12-5,value-12-6,value-12-7,value-12-8,,value-12-10,value-12-11,value-12-12,value-12-13,value-12-14,value-12-15,,value-12-17,value-12-18,value-12-19,value-12-20,value-12-21,value-12-22,,value-12-24,value-12-25,value-12-26,value-12-27,value-12-28,value-12-29,,value-12-31,value-12-32,value-12-33,value-12-34,value-12-35,value-12-36,,value-12-38,value-12-39,value-12-40,value-12-41,value-12-42,value-12-43,,value-12-45,value-12-46,value-12-47,value-12-48,value-12-49,value-12-50,,value-12-52,value-12-53,value-12-54,value-12-55,value-12-56,value-12-57,,value-12-59,value-12-60,value-12-61,value-12-62,value-12-63,value-12-64,,value-12-66,value-12-67,value-12-68,value-12-69,value-12-70,value-12-71,,value-12-73,value-12-74,value-12-75,value-12-76,value-12-77,value-12-78,,value-12-80,value-12-81,value-12-82,value-12-83,value-12-84,value-12-85,,value-12-87,value-12-88,value-12-89,value-12-90,value-12-91,value-12-92,,value-12-94,value-12-95,value-12-96,value-12-97,value-12-98,value-12-99,,value-12-101,value-12-102,value-12-103,value-12-104,value-12-105,value-12-106,,value-12-108,value-12-109,value-12-110,value-12-111,value-12-112,value-12-113,,value-12-115,value-12-116,value-12-117,value-12-118,value-12-119,value-12-120,,value-12-122,value-12-123,value-12-124,value-12-125,value-12-126,value-12-127,,value-12-129,value-12-130,value-12-131,value-12-132,value-12-133,value-12-134,,value-12-136,value-12-137,value-12-138,value-12-139,value-12-140,value-12-141,,value-12-143,value-12-144,value-12-145,value-12-146,value-12-147,value-12-148,,value-12-150,value-12-151,value-12-152,value-12-153,value-12-154,value-12-155,,value-12-157,value-12-158,value-12-159,value-12-160,value-12-161,value-12-162,,value-12-164,value-12-165,value-12-166,value-12-167,value-12-168,value-12-169,,value-12-171,value-12-172,value-12-173,value-12-174,value-12-175,value-12-176,,value-12-178,value-12-179,value-12-180,value-12-181,value-12-182,value-12-183,,value-12-185,value-12-186,value-12-187,value-12-188,value-12-189,value-12-190,,value-12-192,value-12-193,value-12-194,value-12-195,value-12-196,value-12-197
00000014,Wide Company 13,wide13.example,,value-13-2,value-13-3,value-13-4,value-13-5,value-13-6,value-13-7,,value-13-9,value-13-10,value-13-11,value-13-12,value-13-13,value-13-14,,value-13-16,value-13-17,value-13-18,value-13-19,value-13-20,value-13-21,,value-13-23,value-13-24,value-13-25,value-13-26,value-13-27,value-13-28,,value-13-30,value-13-31,value-13-32,value-13-33,value-13-34,value-13-35,,value-13-37,value-13-38,value-13-39,value-13-40,value-13-41,value-13-42,,value-13-44,value-13-45,value-13-46,value-13-47,value-13-48,value-13-49,,value-13-51,value-13-52,value-13-53,value-13-54,value-13-55,value-13-56,,value-13-58,value-13-59,value-13-60,value-13-61,value-13-62,value-13-63,,value-13-65,value-13-66,value-13-67,value-13-68,value-13-69,value-13-70,,value-13-72,value-13-73,value-13-74,value-13-75,value-13-76,value-13-77,,value-13-79,value-13-80,value-13-81,value-13-82,value-13-83,value-13-84,,value-13-86,value-13-87,value-13-88,value-13-89,value-13-90,value-13-91,,value-13-93,value-13-94,value-13-95,value-13-96,value-13-97,value-13-98,,value-13-100,value-13-101,value-13-102,value-13-103,value-13-104,value-13-105,,value-13-107,value-13-108,value-13-109,value-13-110,value-13-111,value-13-112,,value-13-114,value-13-115,value-13-116,value-13-117,value-13-118,value-13-119,,value-13-121,value-13-122,value-13-123,value-13-124,value-13-125,value-13-126,,value-13-128,value-13-129,value-13-130,value-13-131,value-13-132,value-13-133,,value-13-135,value-13-136,value-13-137,value-13-138,value-13-139,value-13-140,,value-13-142,value-13-143,value-13-144,value-13-145,value-13-146,value-13-147,,value-13-149,value-13-150,value-13-151,value-13-152,value-13-153,value-13-154,,value-13-156,value-13-157,value-13-158,value-13-159,value-13-160,value-13-161,,value-13-163,value-13-164,value-13-165,value-13-166,value-13-167,value-13-168,,value-13-170,value-13-171,value-13-172,value-13-173,value-13-174,value-13-175,,value-13-177,value-13-178,value-13-179,value-13-180,value-13-181,value-13-182,,value-13-184,value-13-185,value-13-186,value-13-187,value-13-188,value-13-189,,value-13-191,value-13-192,value-13-193,value-13-194,value-13-195,value-13-196,
00000015,Wide Company 14,wide14.example,value-14-1,value-14-2,value-14-3,value-14-4,value-14-5,value-14-6,,value-14-8,value-14-9,value-14-10,value-14-11,value-14-12,value-14-13,,value-14-15,value-14-16,value-14-17,value-14-18,value-14-19,value-14-20,,value-14-22,value-14-23,value-14-24,value-14-25,value-14-26,value-14-27,,value-14-29,value-14-30,value-14-31,value-14-32,value-14-33,value-14-34,,value-14-36,value-14-37,value-14-38,value-14-39,value-14-40,value-14-41,,value-14-43,value-14-44,value-14-45,value-14-46,value-14-47,value-14-48,,value-14-50,value-14-51,value-14-52,value-14-53,value-14-54,value-14-55,,value-14-57,value-14-58,value-14-59,value-14-60,value-14-61,value-14-62,,value-14-64,value-14-65,value-14-66,value-14-67,value-14-68,value-14-69,,value-14-71,value-14-72,value-14-73,value-14-74,value-14-75,value-14-76,,value-14-78,value-14-79,value-14-80,value-14-81,value-14-82,value-14-83,,value-14-85,value-14-86,value-14-87,value-14-88,value-14-89,value-14-90,,value-14-92,value-14-93,value-14-94,value-14-95,value-14-96,value-14-97,,value-14-99,value-14-100,value-14-101,value-14-102,value-14-103,value-14-104,,value-14-106,value-14-107,value-14-108,value-14-109,value-14-110,value-14-111,,value-14-113,value-14-114,value-14-115,value-14-116,value-14-117,value-14-118,,value-14-120,value-14-121,value-14-122,value-14-123,value-14-124,value-14-125,,value-14-127,value-14-128,value-14-129,value-14-130,value-14-131,value-14-132,,value-14-134,value-14-135,value-14-136,value-14-137,value-14-138,value-14-139,,value-14-141,value-14-142,value-14-143,value-14-144,value-14-145,value-14-146,,value-14-148,value-14-149,value-14-150,value-14-151,value-14-152,value-14-153,,value-14-155,value-14-156,value-14-157,value-14-158,value-14-159,value-14-160,,value-14-162,value-14-163,value-14-164,value-14-165,value-14-166,value-14-167,,value-14-169,value-14-170,value-14-171,value-14-172,value-14-173,value-14-174,,value-14-176,value-14-177,value-14-178,value-14-179,value-14-180,value-14-181,,value-14-183,value-14-184,value-14-185,value-14-186,value-14-187,value-14-188,,value-14-190,value-14-191,value-14-192,value-14-193,value-14-194,value-14-195,,value-14-197
00000016,Wide Company 15,wide15.example,value-15-1,value-15-2,value-15-3,value-15-4,value-15-5,,value-15-7,value-15-8,value-15-9,value-15-10,value-15-11,value-15-12,,value-15-14,value-15-15,value-15-16,value-15-17,value-15-18,value-15-19,,value-15-21,value-15-22,value-15-23,value-15-24,value-15-25,value-15-26,,value-15-28,value-15-29,value-15-30,value-15-31,value-15-32,value-15-33,,value-15-35,value-15-36,value-15-37,value-15-38,value-15-39,value-15-40,,value-15-42,value-15-43,value-15-44,value-15-45,value-15-46,value-15-47,,value-15-49,value-15-50,value-15-51,value-15-52,value-15-53,value-15-54,,value-15-56,value-15-57,value-15-58,value-15-59,value-15-60,value-15-61,,value-15-63,value-15-64,value-15-65,value-15-66,value-15-67,value-15-68,,value-15-70,value-15-71,value-15-72,value-15-73,value-15-74,value-15-75,,value-15-77,value-15-78,value-15-79,value-15-80,value-15-81,value-15-82,,value-15-84,value-15-85,value-15-86,value-15-87,value-15-88,value-15-89,,value-15-91,value-15-92,value-15-93,value-15-94,value-15-95,value-15-96,,value-15-98,value-15-99,value-15-100,value-15-101,value-15-102,value-15-103,,value-15-105,value-15-106,value-15-107,value-15-108,value-15-109,value-15-110,,value-15-112,value-15-113,value-15-114,value-15-115,value-15-116,value-15-117,,value-15-119,value-15-120,value-15-121,value-15-122,value-15-123,value-15-124,,value-15-126,value-15-127,value-15-128,value-15-129,value-15-130,value-15-131,,value-15-133,value-15-134,value-15-135,value-15-136,value-15-137,value-15-138,,value-15-140,value-15-141,value-15-142,value-15-143,value-15-144,value-15-145,,value-15-147,value-15-148,value-15-149,value-15-150,value-15-151,value-15-152,,value-15-154,value-15-155,value-15-156,value-15-157,value-15-158,value-15-159,,value-15-161,value-15-162,value-15-163,value-15-164,value-15-165,value-15-166,,value-15-168,value-15-169,value-15-170,value-15-171,value-15-172,value-15-173,,value-15-175,value-15-176,value-15-177,value-15-178,value-15-179,value-15-180,,value-15-182,value-15-183,value-15-184,value-15-185,value-15-186,value-15-187,,value-15-189,value-15-190,value-15-191,value-15-192,value-15-193,value-15-194,,value-15-196,value-15-197
00000017,Wide Company 16,wide16.example,value-16-1,value-16-2,value-16-3,value-16-4,,value-16-6,value-16-7,value-16-8,value-16-9,value-16-10,value-16-11,,value-16-13,value-16-14,value-16-15,value-16-16,value-16-17,value-16-18,,value-16-20,value-16-21,value-16-22,value-16-23,value-16-24,value-16-25,,value-16-27,value-16-28,value-16-29,value-16-30,value-16-31,value-16-32,,value-16-34,value-16-35,value-16-36,value-16-37,value-16-38,value-16-39,,value-16-41,value-16-42,value-16-43,value-16-44,value-16-45,value-16-46,,value-16-48,value-16-49,value-16-50,value-16-51,value-16-52,value-16-53,,value-16-55,value-16-56,value-16-57,value-16-58,value-16-59,value-16-60,,value-16-62,value-16-63,value-16-64,value-16-65,value-16-66,value-16-67,,value-16-69,value-16-70,value-16-71,value-16-72,value-16-73,value-16-74,,value-16-76,value-16-77,value-16-78,value-16-79,value-16-80,value-16-81,,value-16-83,value-16-84,value-16-85,value-16-86,value-16-87,value-16-88,,value-16-90,value-16-91,value-16-92,value-16-93,value-16-94,value-16-95,,value-16-97,value-16-98,value-16-99,value-16-100,value-16-101,value-16-102,,value-16-104,value-16-105,value-16-106,value-16-107,value-16-108,value-16-109,,value-16-111,value-16-112,value-16-113,value-16-114,value-16-115,value-16-116,,value-16-118,value-16-119,value-16-120,value-16-121,value-16-122,value-16-123,,value-16-125,value-16-126,value-16-127,value-16-128,value-16-129,value-16-130,,value-16-132,value-16-133,value-16-134,value-16-135,value-16-136,value-16-137,,value-16-139,value-16-140,value-16-141,value-16-142,value-16-143,value-16-144,,value-16-146,value-16-147,value-16-148,value-16-149,value-16-150,value-16-151,,value-16-153,value-16-154,value-16-155,value-16-156,value-16-157,value-16-158,,value-16-160,value-16-161,value-16-162,value-16-163,value-16-164,value-16-165,,value-16-167,value-16-168,value-16-169,value-16-170,value-16-171,value-16-172,,value-16-174,value-16-175,value-16-176,value-16-177,value-16-178,value-16-179,,value-16-181,value-16-182,value-16-183,value-16-184,value-16-185,value-16-186,,value-16-188,value-16-189,value-16-190,value-16-191,value-16-192,value-16-193,,value-16-195,value-16-196,value-16-197
00000018,Wide Company 17,wide17.example,value-17-1,value-17-2,value-17-3,,value-17-5,value-17-6,value-17-7,value-17-8,value-17-9,value-17-10,,value-17-12,value-17-13,value-17-14,value-17-15,value-17-16,value-17-17,,value-17-19,value-17-20,value-17-21,value-17-22,value-17-23,value-17-24,,value-17-26,value-17-27,value-17-28,value-17-29,value-17-30,value-17-31,,value-17-33,value-17-34,value-17-35,value-17-36,value-17-37,value-17-38,,value-17-40,value-17-41,value-17-42,value-17-43,value-17-44,value-17-45,,value-17-47,value-17-48,value-17-49,value-17-50,value-17-51,value-17-52,,value-17-54,value-17-55,value-17-56,value-17-57,value-17-58,value-17-59,,value-17-61,value-17-62,value-17-63,value-17-64,value-17-65,value-17-66,,value-17-68,value-17-69,value-17-70,value-17-71,value-17-72,value-17-73,,value-17-75,value-17-76,value-17-77,value-17-78,value-17-79,value-17-80,,value-17-82,value-17-83,value-17-84,value-17-85,value-17-86,value-17-87,,value-17-89,value-17-90,value-17-91,value-17-92,value-17-93,value-17-94,,value-17-96,value-17-97,value-17-98,value-17-99,value-17-100,value-17-101,,value-17-103,value-17-104,value-17-105,value-17-106,value-17-107,value-17-108,,value-17-110,value-17-111,value-17-112,value-17-113,value-17-114,value-17-115,,value-17-117,value-17-118,value-17-119,value-17-120,value-17-121,value-17-122,,value-17-124,value-17-125,value-17-126,value-17-127,value-17-128,value-17-129,,value-17-131,value-17-132,value-17-133,value-17-134,value-17-135,value-17-136,,value-17-138,value-17-139,value-17-140,value-17-141,value-17-142,value-17-143,,value-17-145,value-17-146,value-17-147,value-17-148,value-17-149,value-17-150,,value-17-152,value-17-153,value-17-154,value-17-155,value-17-156,value-17-157,,value-17-159,value-17-160,value-17-161,value-17-162,value-17-163,value-17-164,,value-17-166,value-17-167,value-17-168,value-17-169,value-17-170,value-17-171,,value-17-173,value-17-174,value-17-175,value-17-176,value-17-177,value-17-178,,value-17-180,value-17-181,value-17-182,value-17-183,value-17-184,value-17-185,,value-17-187,value-17-188,value-17-189,value-17-190,value-17-191,value-17-192,,value-17-194,value-17-195,value-17-196,value-17-197
00000019,Wide Company 18,wide18.example,value-18-1,value-18-2,,value-18-4,value-18-5,value-18-6,value-18-7,value-18-8,value-18-9,,value-18-11,value-18-12,value-18-13,value-18-14,value-18-15,value-18-16,,value-18-18,value-18-19,value-18-20,value-18-21,value-18-22,value-18-23,,value-18-25,value-18-26,value-18-27,value-18-28,value-18-29,value-18-30,,value-18-32,value-18-33,value-18-34,value-18-35,value-18-36,value-18-37,,value-18-39,value-18-40,value-18-41,value-18-42,value-18-43,value-18-44,,value-18-46,value-18-47,value-18-48,value-18-49,value-18-50,value-18-51,,value-18-53,value-18-54,value-18-55,value-18-56,value-18-57,value-18-58,,value-18-60,value-18-61,value-18-62,value-18-63,value-18-64,value-18-65,,value-18-67,value-18-68,value-18-69,value-18-70,value-18-71,value-18-72,,value-18-74,value-18-75,value-18-76,value-18-77,value-18-78,value-18-79,,value-18-81,value-18-82,value-18-83,value-18-84,value-18-85,value-18-86,,value-18-88,value-18-89,value-18-90,value-18-91,value-18-92,value-18-93,,value-18-95,value-18-96,value-18-97,value-18-98,value-18-99,value-18-100,,value-18-102,value-18-103,value-18-104,value-18-105,value-18-106,value-18-107,,value-18-109,value-18-110,value-18-111,value-18-112,value-18-113,value-18-114,,value-18-116,value-18-117,value-18-118,value-18-119,value-18-120,value-18-121,,value-18-123,value-18-124,value-18-125,value-18-126,value-18-127,value-18-128,,value-18-130,value-18-131,value-18-132,value-18-133,value-18-134,value-18-135,,value-18-137,value-18-138,value-18-139,value-18-140,value-18-141,value-18-142,,value-18-144,value-18-145,value-18-146,value-18-147,value-18-148,value-18-149,,value-18-151,value-18-152,value-18-153,value-18-154,value-18-155,value-18-156,,value-18-158,value-18-159,value-18-160,value-18-161,value-18-162,value-18-163,,value-18-165,value-18-166,value-18-167,value-18-168,value-18-169,value-18-170,,value-18-172,value-18-173,value-18-174,value-18-175,value-18-176,value-18-177,,value-18-179,value-18-180,value-18-181,value-18-182,value-18-183,value-18-184,,value-18-186,value-18-187,value-18-188,value-18-189,value-18-190,value-18-191,,value-18-193,value-18-194,value-18-195,value-18-196,value-18-197
00000020,Wide Company 19,wide19.example,value-19-1,,value-19-3,value-19-4,value-19-5,value-19-6,value-19-7,value-19-8,,value-19-10,value-19-11,value-19-12,value-19-13,value-19-14,value-19-15,,value-19-17,value-19-18,value-19-19,value-19-20,value-19-21,value-19-22,,value-19-24,value-19-25,value-19-26,value-19-27,value-19-28,value-19-29,,value-19-31,value-19-32,value-19-33,value-19-34,value-19-35,value-19-36,,value-19-38,value-19-39,value-19-40,value-19-41,value-19-42,value-19-43,,value-19-45,value-19-46,value-19-47,value-19-48,value-19-49,value-19-50,,value-19-52,value-19-53,value-19-54,value-19-55,value-19-56,value-19-57,,value-19-59,value-19-60,value-19-61,value-19-62,value-19-63,value-19-64,,value-19-66,value-19-67,value-19-68,value-19-69,value-19-70,value-19-71,,value-19-73,value-19-74,value-19-75,value-19-76,value-19-77,value-19-78,,value-19-80,value-19-81,value-19-82,value-19-83,value-19-84,value-19-85,,value-19-87,value-19-88,value-19-89,value-19-90,value-19-91,value-19-92,,value-19-94,value-19-95,value-19-96,value-19-97,value-19-98,value-19-99,,value-19-101,value-19-102,value-19-103,value-19-104,value-19-105,value-19-106,,value-19-108,value-19-109,value-19-110,value-19-111,value-19-112,value-19-113,,value-19-115,value-19-116,value-19-117,value-19-118,value-19-119,value-19-120,,value-19-122,value-19-123,value-19-124,value-19-125,value-19-126,value-19-127,,value-19-129,value-19-130,value-19-131,value-19-132,value-19-133,value-19-134,,value-19-136,value-19-137,value-19-138,value-19-139,value-19-140,value-19-141,,value-19-143,value-19-144,value-19-145,value-19-146,value-19-147,value-19-148,,value-19-150,value-19-151,value-19-152,value-19-153,value-19-154,value-19-155,,value-19-157,value-19-158,value-19-159,value-19-160,value-19-161,value-19-162,,value-19-164,value-19-165,value-19-166,value-19-167,value-19-168,value-19-169,,value-19-171,value-19-172,value-19-173,value-19-174,value-19-175,value-19-176,,value-19-178,value-19-179,value-19-180,value-19-181,value-19-182,value-19-183,,value-19-185,value-19-186,value-19-187,value-19-188,value-19-189,value-19-190,,value-19-192,value-19-193,value-19-194,value-19-195,value-19-196,value-19-197
00000021,Wide Company 20,wide20.example,,value-20-2,value-20-3,value-20-4,value-20-5,value-20-6,value-20-7,,value-20-9,value-20-10,value-20-11,value-20-12,value-20-13,value-20-14,,value-20-16,value-20-17,value-20-18,value-20-19,value-20-20,value-20-21,,value-20-23,value-20-24,value-20-25,value-20-26,value-20-27,value-20-28,,value-20-30,value-20-31,value-20-32,value-20-33,value-20-34,value-20-35,,value-20-37,value-20-38,value-20-39,value-20-40,value-20-41,value-20-42,,value-20-44,value-20-45,value-20-46,value-20-47,value-20-48,value-20-49,,value-20-51,value-20-52,value-20-53,value-20-54,value-20-55,value-20-56,,value-20-58,value-20-59,value-20-60,value-20-61,value-20-62,value-20-63,,value-20-65,value-20-66,value-20-67,value-20-68,value-20-69,value-20-70,,value-20-72,value-20-73,value-20-74,value-20-75,value-20-76,value-20-77,,value-20-79,value-20-80,value-20-81,value-20-82,value-20-83,value-20-84,,value-20-86,value-20-87,value-20-88,value-20-89,value-20-90,value-20-91,,value-20-93,value-20-94,value-20-95,value-20-96,value-20-97,value-20-98,,value-20-100,value-20-101,value-20-102,value-20-103,value-20-104,value-20-105,,value-20-107,value-20-108,value-20-109,value-20-110,value-20-111,value-20-112,,value-20-114,value-20-115,value-20-116,value-20-117,value-20-118,value-20-119,,value-20-121,value-20-122,value-20-123,value-20-124,value-20-125,value-20-126,,value-20-128,value-20-129,value-20-130,value-20-131,value-20-132,value-20-133,,value-20-135,value-20-136,value-20-137,value-20-138,value-20-139,value-20-140,,value-20-142,value-20-143,value-20-144,value-20-145,value-20-146,value-20-147,,value-20-149,value-20-150,value-20-151,value-20-152,value-20-153,value-20-154,,value-20-156,value-20-157,value-20-158,value-20-159,value-20-160,value-20-161,,value-20-163,value-20-164,value-20-165,value-20-166,value-20-167,value-20-168,,value-20-170,value-20-171,value-20-172,value-20-173,value-20-174,value-20-175,,value-20-177,value-20-178,value-20-179,value-20-180,value-20-181,value-20-182,,value-20-184,value-20-185,value-20-186,value-20-187,value-20-188,value-20-189,,value-20-191,value-20-192,value-20-193,value-20-194,value-20-195,value-20-196,
00000022,Wide Company 21,wide21.example,value-21-1,value-21-2,value-21-3,value-21-4,value-21-5,value-21-6,,value-21-8,value-21-9,value-21-10,value-21-11,value-21-12,value-21-13,,value-21-15,value-21-16,value-21-17,value-21-18,value-21-19,value-21-20,,value-21-22,value-21-23,value-21-24,value-21-25,value-21-26,value-21-27,,value-21-29,value-21-30,value-21-31,value-21-32,value-21-33,value-21-34,,value-21-36,value-21-37,value-21-38,value-21-39,value-21-40,value-21-41,,value-21-43,value-21-44,value-21-45,value-21-46,value-21-47,value-21-48,,value-21-50,value-21-51,value-21-52,value-21-53,value-21-54,value-21-55,,value-21-57,value-21-58,value-21-59,value-21-60,value-21-61,value-21-62,,value-21-64,value-21-65,value-21-66,value-21-67,value-21-68,value-21-69,,value-21-71,value-21-72,value-21-73,value-21-74,value-21-75,value-21-76,,value-21-78,value-21-79,value-21-80,value-21-81,value-21-82,value-21-83,,value-21-85,value-21-86,value-21-87,value-21-88,value-21-89,value-21-90,,value-21-92,value-21-93,value-21-94,value-21-95,value-21-96,value-21-97,,value-21-99,value-21-100,value-21-101,value-21-102,value-21-103,value-21-104,,value-21-106,value-21-107,value-21-108,value-21-109,value-21-110,value-21-111,,value-21-113,value-21-114,value-21-115,value-21-116,value-21-117,value-21-118,,value-21-120,value-21-121,value-21-122,value-21-123,value-21-124,value-21-125,,value-21-127,value-21-128,value-21-129,value-21-130,value-21-131,value-21-132,,value-21-134,value-21-135,value-21-136,value-21-137,value-21-138,value-21-139,,value-21-141,value-21-142,value-21-143,value-21-144,value-21-145,value-21-146,,value-21-148,value-21-149,value-21-150,value-21-151,value-21-152,value-21-153,,value-21-155,value-21-156,value-21-157,value-21-158,value-21-159,value-21-160,,value-21-162,value-21-163,value-21-164,value-21-165,value-21-166,value-21-167,,value-21-169,value-21-170,value-21-171,value-21-172,value-21-173,value-21-174,,value-21-176,value-21-177,value-21-178,value-21-179,value-21-180,value-21-181,,value-21-183,value-21-184,value-21-185,value-21-186,value-21-187,value-21-188,,value-21-190,value-21-191,value-21-192,value-21-193,value-21-194,value-21-195,,value-21-197
00000023,Wide Company 22,wide22.example,value-22-1,value-22-2,value-22-3,value-22-4,value-22-5,,value-22-7,value-22-8,value-22-9,value-22-10,value-22-11,value-22-12,,value-22-14,value-22-15,value-22-16,value-22-17,value-22-18,value-22-19,,value-22-21,value-22-22,value-22-23,value-22-24,value-22-25,value-22-26,,value-22-28,value-22-29,value-22-30,value-22-31,value-22-32,value-22-33,,value-22-35,value-22-36,value-22-37,value-22-38,value-22-39,value-22-40,,value-22-42,value-22-43,value-22-44,value-22-45,value-22-46,value-22-47,,value-22-49,value-22-50,value-22-51,value-22-52,value-22-53,value-22-54,,value-22-56,value-22-57,value-22-58,value-22-59,value-22-60,value-22-61,,value-22-63,value-22-64,value-22-65,value-22-66,value-22-67,value-22-68,,value-22-70,value-22-71,value-22-72,value-22-73,value-22-74,value-22-75,,value-22-77,value-22-78,value-22-79,value-22-80,value-22-81,value-22-82,,value-22-84,value-22-85,value-22-86,value-22-87,value-22-88,value-22-89,,value-22-91,value-22-92,value-22-93,value-22-94,value-22-95,value-22-96,,value-22-98,value-22-99,value-22-100,value-22-101,value-22-102,value-22-103,,value-22-105,value-22-106,value-22-107,value-22-108,value-22-109,value-22-110,,value-22-112,value-22-113,value-22-114,value-22-115,value-22-116,value-22-117,,value-22-119,value-22-120,value-22-121,value-22-122,value-22-123,value-22-124,,value-22-126,value-22-127,value-22-128,value-22-129,value-22-130,value-22-131,,value-22-133,value-22-134,value-22-135,value-22-136,value-22-137,value-22-138,,value-22-140,value-22-141,value-22-142,value-22-143,value-22-144,value-22-145,,value-22-147,value-22-148,value-22-149,value-22-150,value-22-151,value-22-152,,value-22-154,value-22-155,value-22-156,value-22-157,value-22-158,value-22-159,,value-22-161,value-22-162,value-22-163,value-22-164,value-22-165,value-22-166,,value-22-168,value-22-169,value-22-170,value-22-171,value-22-172,value-22-173,,value-22-175,value-22-176,value-22-177,value-22-178,value-22-179,value-22-180,,value-22-182,value-22-183,value-22-184,value-22-185,value-22-186,value-22-187,,value-22-189,value-22-190,value-22-191,value-22-192,value-22-193,value-22-194,,value-22-196,value-22-197
00000024,Wide Company 23,wide23.example,value-23-1,value-23-2,value-23-3,value-23-4,,value-23-6,value-23-7,value-23-8,value-23-9,value-23-10,value-23-11,,value-23-13,value-23-14,value-23-15,value-23-16,value-23-17,value-23-18,,value-23-20,value-23-21,value-23-22,value-23-23,value-23-24,value-23-25,,value-23-27,value-23-28,value-23-29,value-23-30,value-23-31,value-23-32,,value-23-34,value-23-35,value-23-36,value-23-37,value-23-38,value-23-39,,value-23-41,value-23-42,value-23-43,value-23-44,value-23-45,value-23-46,,value-23-48,value-23-49,value-23-50,value-23-51,value-23-52,value-23-53,,value-23-55,value-23-56,value-23-57,value-23-58,value-23-59,value-23-60,,value-23-62,value-23-63,value-23-64,value-23-65,value-23-66,value-23-67,,value-23-69,value-23-70,value-23-71,value-23-72,value-23-73,value-23-74,,value-23-76,value-23-77,value-23-78,value-23-79,value-23-80,value-23-81,,value-23-83,value-23-84,value-23-85,value-23-86,value-23-87,value-23-88,,value-23-90,value-23-91,value-23-92,value-23-93,value-23-94,value-23-95,,value-23-97,value-23-98,value-23-99,value-23-100,value-23-101,value-23-102,,value-23-104,value-23-105,value-23-106,value-23-107,value-23-108,value-23-109,,value-23-111,value-23-112,value-23-113,value-23-114,value-23-115,value-23-116,,value-23-118,value-23-119,value-23-120,value-23-121,value-23-122,value-23-123,,value-23-125,value-23-126,value-23-127,value-23-128,value-23-129,value-23-130,,value-23-132,value-23-133,value-23-134,value-23-135,value-23-136,value-23-137,,value-23-139,value-23-140,value-23-141,value-23-142,value-23-143,value-23-144,,value-23-146,value-23-147,value-23-148,value-23-149,value-23-150,value-23-151,,value-23-153,value-23-154,value-23-155,value-23-156,value-23-157,value-23-158,,value-23-160,value-23-161,value-23-162,value-23-163,value-23-164,value-23-165,,value-23-167,value-23-168,value-23-169,value-23-170,value-23-171,value-23-172,,value-23-174,value-23-175,value-23-176,value-23-177,value-23-178,value-23-179,,value-23-181,value-23-182,value-23-183,value-23-184,value-23-185,value-23-186,,value-23-188,value-23-189,value-23-190,value-23-191,value-23-192,value-23-193,,value-23-195,value-23-196,value-23-197
00000025,Wide Company 24,wide24.example,value-24-1,value-24-2,value-24-3,,value-24-5,value-24-6,value-24-7,value-24-8,value-24-9,value-24-10,,value-24-12,value-24-13,value-24-14,value-24-15,value-24-16,value-24-17,,value-24-19,value-24-20,value-24-21,value-24-22,value-24-23,value-24-24,,value-24-26,value-24-27,value-24-28,value-24-29,value-24-30,value-24-31,,value-24-33,value-24-34,value-24-35,value-24-36,value-24-37,value-24-38,,value-24-40,value-24-41,value-24-42,value-24-43,value-24-44,value-24-45,,value-24-47,value-24-48,value-24-49,value-24-50,value-24-51,value-24-52,,value-24-54,value-24-55,value-24-56,value-24-57,value-24-58,value-24-59,,value-24-61,value-24-62,value-24-63,value-24-64,value-24-65,value-24-66,,value-24-68,value-24-69,value-24-70,value-24-71,value-24-72,value-24-73,,value-24-75,value-24-76,value-24-77,value-24-78,value-24-79,value-24-80,,value-24-82,value-24-83,value-24-84,value-24-85,value-24-86,value-24-87,,value-24-89,value-24-90,value-24-91,value-24-92,value-24-93,value-24-94,,value-24-96,value-24-97,value-24-98,value-24-99,value-24-100,value-24-101,,value-24-103,value-24-104,value-24-105,value-24-106,value-24-107,value-24-108,,value-24-110,value-24-111,value-24-112,value-24-113,value-24-114,value-24-115,,value-24-117,value-24-118,value-24-119,value-24-120,value-24-121,value-24-122,,value-24-124,value-24-125,value-24-126,value-24-127,value-24-128,value-24-129,,value-24-131,value-24-132,value-24-133,value-24-134,value-24-135,value-24-136,,value-24-138,value-24-139,value-24-140,value-24-141,value-24-142,value-24-143,,value-24-145,value-24-146,value-24-147,value-24-148,value-24-149,value-24-150,,value-24-152,value-24-153,value-24-154,value-24-155,value-24-156,value-24-157,,value-24-159,value-24-160,value-24-161,value-24-162,value-24-163,value-24-164,,value-24-166,value-24-167,value-24-168,value-24-169,value-24-170,value-24-171,,value-24-173,value-24-174,value-24-175,value-24-176,value-24-177,value-24-178,,value-24-180,value-24-181,value-24-182,value-24-183,value-24-184,value-24-185,,value-24-187,value-24-188,value-24-189,value-24-190,value-24-191,value-24-192,,value-24-194,value-24-195,value-24-196,value-24-197
00000026,Wide Company 25,wide25.example,value-25-1,value-25-2,,value-25-4,value-25-5,value-25-6,value-25-7,value-25-8,value-25-9,,value-25-11,value-25-12,value-25-13,value-25-14,value-25-15,value-25-16,,value-25-18,value-25-19,value-25-20,value-25-21,value-25-22,value-25-23,,value-25-25,value-25-26,value-25-27,value-25-28,value-25-29,value-25-30,,value-25-32,value-25-33,value-25-34,value-25-35,value-25-36,value-25-37,,value-25-39,value-25-40,value-25-41,value-25-42,value-25-43,value-25-44,,value-25-46,value-25-47,value-25-48,value-25-49,value-25-50,value-25-51,,value-25-53,value-25-54,value-25-55,value-25-56,value-25-57,value-25-58,,value-25-60,value-25-61,value-25-62,value-25-63,value-25-64,value-25-65,,value-25-67,value-25-68,value-25-69,value-25-70,value-25-71,value-25-72,,value-25-74,value-25-75,value-25-76,value-25-77,value-25-78,value-25-79,,value-25-81,value-25-82,value-25-83,value-25-84,value-25-85,value-25-86,,value-25-88,value-25-89,value-25-90,value-25-91,value-25-92,value-25-93,,value-25-95,value-25-96,value-25-97,value-25-98,value-25-99,value-25-100,,value-25-102,value-25-103,value-25-104,value-25-105,value-25-106,value-25-107,,value-25-109,value-25-110,value-25-111,value-25-112,value-25-113,value-25-114,,value-25-116,value-25-117,value-25-118,value-25-119,value-25-120,value-25-121,,value-25-123,value-25-124,value-25-125,value-25-126,value-25-127,value-25-128,,value-25-130,value-25-131,value-25-132,value-25-133,value-25-134,value-25-135,,value-25-137,value-25-138,value-25-139,value-25-140,value-25-141,value-25-142,,value-25-144,value-25-145,value-25-146,value-25-147,value-25-148,value-25-149,,value-25-151,value-25-152,value-25-153,value-25-154,value-25-155,value-25-156,,value-25-158,value-25-159,value-25-160,value-25-161,value-25-162,value-25-163,,value-25-165,value-25-166,value-25-167,value-25-168,value-25-169,value-25-170,,value-25-172,value-25-173,value-25-174,value-25-175,value-25-176,value-25-177,,value-25-179,value-25-180,value-25-181,value-25-182,value-25-183,value-25-184,,value-25-186,value-25-187,value-25-188,value-25-189,value-25-190,value-25-191,,value-25-193,value-25-194,value-25-195,value-25-196,value-25-197
00000027,Wide Company 26,wide26.example,value-26-1,,value-26-3,value-26-4,value-26-5,value-26-6,value-26-7,value-26-8,,value-26-10,value-26-11,value-26-12,value-26-13,value-26-14,value-26-15,,value-26-17,value-26-18,value-26-19,value-26-20,value-26-21,value-26-22,,value-26-24,value-26-25,value-26-26,value-26-27,value-26-28,value-26-29,,value-26-31,value-26-32,value-26-33,value-26-34,value-26-35,value-26-36,,value-26-38,value-26-39,value-26-40,value-26-41,value-26-42,value-26-43,,value-26-45,value-26-46,value-26-47,value-26-48,value-26-49,value-26-50,,value-26-52,value-26-53,value-26-54,value-26-55,value-26-56,value-26-57,,value-26-59,value-26-60,value-26-61,value-26-62,value-26-63,value-26-64,,value-26-66,value-26-67,value-26-68,value-26-69,value-26-70,value-26-71,,value-26-73,value-26-74,value-26-75,value-26-76,value-26-77,value-26-78,,value-26-80,value-26-81,value-26-82,value-26-83,value-26-84,value-26-85,,value-26-87,value-26-88,value-26-89,value-26-90,value-26-91,value-26-92,,value-26-94,value-26-95,value-26-96,value-26-97,value-26-98,value-26-99,,value-26-101,value-26-102,value-26-103,value-26-104,value-26-105,value-26-106,,value-26-108,value-26-109,value-26-110,value-26-111,value-26-112,value-26-113,,value-26-115,value-26-116,value-26-117,value-26-118,value-26-119,value-26-120,,value-26-122,value-26-123,value-26-124,value-26-125,value-26-126,value-26-127,,value-26-129,value-26-130,value-26-131,value-26-132,value-26-133,value-26-134,,value-26-136,value-26-137,value-26-138,value-26-139,value-26-140,value-26-141,,value-26-143,value-26-144,value-26-145,value-26-146,value-26-147,value-26-148,,value-26-150,value-26-151,value-26-152,value-26-153,value-26-154,value-26-155,,value-26-157,value-26-158,value-26-159,value-26-160,value-26-161,value-26-162,,value-26-164,value-26-165,value-26-166,value-26-167,value-26-168,value-26-169,,value-26-171,value-26-172,value-26-173,value-26-174,value-26-175,value-26-176,,value-26-178,value-26-179,value-26-180,value-26-181,value-26-182,value-26-183,,value-26-185,value-26-186,value-26-187,value-26-188,value-26-189,value-26-190,,value-26-192,value-26-193,value-26-194,value-26-195,value-26-196,value-26-197
00000028,Wide Company 27,wide27.example,,value-27-2,value-27-3,value-27-4,value-27-5,value-27-6,value-27-7,,value-27-9,value-27-10,value-27-11,value-27-12,value-27-13,value-27-14,,value-27-16,value-27-17,value-27-18,value-27-19,value-27-20,value-27-21,,value-27-23,value-27-24,value-27-25,value-27-26,value-27-27,value-27-28,,value-27-30,value-27-31,value-27-32,value-27-33,value-27-34,value-27-35,,value-27-37,value-27-38,value-27-39,value-27-40,value-27-41,value-27-42,,value-27-44,value-27-45,value-27-46,value-27-47,value-27-48,value-27-49,,value-27-51,value-27-52,value-27-53,value-27-54,value-27-55,value-27-56,,value-27-58,value-27-59,value-27-60,value-27-61,value-27-62,value-27-63,,value-27-65,value-27-66,value-27-67,value-27-68,value-27-69,value-27-70,,value-27-72,value-27-73,value-27-74,value-27-75,value-27-76,value-27-77,,value-27-79,value-27-80,value-27-81,value-27-82,value-27-83,value-27-84,,value-27-86,value-27-87,value-27-88,value-27-89,value-27-90,value-27-91,,value-27-93,value-27-94,value-27-95,value-27-96,value-27-97,value-27-98,,value-27-100,value-27-101,value-27-102,value-27-103,value-27-104,value-27-105,,value-27-107,value-27-108,value-27-109,value-27-110,value-27-111,value-27-112,,value-27-114,value-27-115,value-27-116,value-27-117,value-27-118,value-27-119,,value-27-121,value-27-122,value-27-123,value-27-124,value-27-125,value-27-126,,value-27-128,value-27-129,value-27-130,value-27-131,value-27-132,value-27-133,,value-27-135,value-27-136,value-27-137,value-27-138,value-27-139,value-27-140,,value-27-142,value-27-143,value-27-144,value-27-145,value-27-146,value-27-147,,value-27-149,value-27-150,value-27-151,value-27-152,value-27-153,value-27-154,,value-27-156,value-27-157,value-27-158,value-27-159,value-27-160,value-27-161,,value-27-163,value-27-164,value-27-165,value-27-166,value-27-167,value-27-168,,value-27-170,value-27-171,value-27-172,value-27-173,value-27-174,value-27-175,,value-27-177,value-27-178,value-27-179,value-27-180,value-27-181,value-27-182,,value-27-184,value-27-185,value-27-186,value-27-187,value-27-188,value-27-189,,value-27-191,value-27-192,value-27-193,value-27-194,value-27-195,value-27-196,
00000029,Wide Company 28,wide28.example,value-28-1,value-28-2,value-28-3,value-28-4,value-28-5,value-28-6,,value-28-8,value-28-9,value-28-10,value-28-11,value-28-12,value-28-13,,value-28-15,value-28-16,value-28-17,value-28-18,value-28-19,value-28-20,,value-28-22,value-28-23,value-28-24,value-28-25,value-28-26,value-28-27,,value-28-29,value-28-30,value-28-31,value-28-32,value-28-33,value-28-34,,value-28-36,value-28-37,value-28-38,value-28-39,value-28-40,value-28-41,,value-28-43,value-28-44,value-28-45,value-28-46,value-28-47,value-28-48,,value-28-50,value-28-51,value-28-52,value-28-53,value-28-54,value-28-55,,value-28-57,value-28-58,value-28-59,value-28-60,value-28-61,value-28-62,,value-28-64,value-28-65,value-28-66,value-28-67,value-28-68,value-28-69,,value-28-71,value-28-72,value-28-73,value-28-74,value-28-75,value-28-76,,value-28-78,value-28-79,value-28-80,value-28-81,value-28-82,value-28-83,,value-28-85,value-28-86,value-28-87,value-28-88,value-28-89,value-28-90,,value-28-92,value-28-93,value-28-94,value-28-95,value-28-96,value-28-97,,value-28-99,value-28-100,value-28-101,value-28-102,value-28-103,value-28-104,,value-28-106,value-28-107,value-28-108,value-28-109,value-28-110,value-28-111,,value-28-113,value-28-114,value-28-115,value-28-116,value-28-117,value-28-118,,value-28-120,value-28-121,value-28-122,value-28-123,value-28-124,value-28-125,,value-28-127,value-28-128,value-28-129,value-28-130,value-28-131,value-28-132,,value-28-134,value-28-135,value-28-136,value-28-137,value-28-138,value-28-139,,value-28-141,value-28-142,value-28-143,value-28-144,value-28-145,value-28-146,,value-28-148,value-28-149,value-28-150,value-28-151,value-28-152,value-28-153,,value-28-155,value-28-156,value-28-157,value-28-158,value-28-159,value-28-160,,value-28-162,value-28-163,value-28-164,value-28-165,value-28-166,value-28-167,,value-28-169,value-28-170,value-28-171,value-28-172,value-28-173,value-28-174,,value-28-176,value-28-177,value-28-178,value-28-179,value-28-180,value-28-181,,value-28-183,value-28-184,value-28-185,value-28-186,value-28-187,value-28-188,,value-28-190,value-28-191,value-28-192,value-28-193,value-28-194,value-28-195,,value-28-197
00000030,Wide Company 29,wide29.example,value-29-1,value-29-2,value-29-3,value-29-4,value-29-5,,value-29-7,value-29-8,value-29-9,value-29-10,value-29-11,value-29-12,,value-29-14,value-29-15,value-29-16,value-29-17,value-29-18,value-29-19,,value-29-21,value-29-22,value-29-23,value-29-24,value-29-25,value-29-26,,value-29-28,value-29-29,value-29-30,value-29-31,value-29-32,value-29-33,,value-29-35,value-29-36,value-29-37,value-29-38,value-29-39,value-29-40,,value-29-42,value-29-43,value-29-44,value-29-45,value-29-46,value-29-47,,value-29-49,value-29-50,value-29-51,value-29-52,value-29-53,value-29-54,,value-29-56,value-29-57,value-29-58,value-29-59,value-29-60,value-29-61,,value-29-63,value-29-64,value-29-65,value-29-66,value-29-67,value-29-68,,value-29-70,value-29-71,value-29-72,value-29-73,value-29-74,value-29-75,,value-29-77,value-29-78,value-29-79,value-29-80,value-29-81,value-29-82,,value-29-84,value-29-85,value-29-86,value-29-87,value-29-88,value-29-89,,value-29-91,value-29-92,value-29-93,value-29-94,value-29-95,value-29-96,,value-29-98,value-29-99,value-29-100,value-29-101,value-29-102,value-29-103,,value-29-105,value-29-106,value-29-107,value-29-108,value-29-109,value-29-110,,value-29-112,value-29-113,value-29-114,value-29-115,value-29-116,value-29-117,,value-29-119,value-29-120,value-29-121,value-29-122,value-29-123,value-29-124,,value-29-126,value-29-127,value-29-128,value-29-129,value-29-130,value-29-131,,value-29-133,value-29-134,value-29-135,value-29-136,value-29-137,value-29-138,,value-29-140,value-29-141,value-29-142,value-29-143,value-29-144,value-29-145,,value-29-147,value-29-148,value-29-149,value-29-150,value-29-151,value-29-152,,value-29-154,value-29-155,value-29-156,value-29-157,value-29-158,value-29-159,,value-29-161,value-29-162,value-29-163,value-29-164,value-29-165,value-29-166,,value-29-168,value-29-169,value-29-170,value-29-171,value-29-172,value-29-173,,value-29-175,value-29-176,value-29-177,value-29-178,value-29-179,value-29-180,,value-29-182,value-29-183,value-29-184,value-29-185,value-29-186,value-29-187,,value-29-189,value-29-190,value-29-191,value-29-192,value-29-193,value-29-194,,value-29-196,value-29-197
00000031,Wide Company 30,wide30.example,value-30-1,value-30-2,value-30-3,value-30-4,,value-30-6,value-30-7,value-30-8,value-30-9,value-30-10,value-30-11,,value-30-13,value-30-14,value-30-15,value-30-16,value-30-17,value-30-18,,value-30-20,value-30-21,value-30-22,value-30-23,value-30-24,value-30-25,,value-30-27,value-30-28,value-30-29,value-30-30,value-30-31,value-30-32,,value-30-34,value-30-35,value-30-36,value-30-37,value-30-38,value-30-39,,value-30-41,value-30-42,value-30-43,value-30-44,value-30-45,value-30-46,,value-30-48,value-30-49,value-30-50,value-30-51,value-30-52,value-30-53,,value-30-55,value-30-56,value-30-57,value-30-58,value-30-59,value-30-60,,value-30-62,value-30-63,value-30-64,value-30-65,value-30-66,value-30-67,,value-30-69,value-30-70,value-30-71,value-30-72,value-30-73,value-30-74,,value-30-76,value-30-77,value-30-78,value-30-79,value-30-80,value-30-81,,value-30-83,value-30-84,value-30-85,value-30-86,value-30-87,value-30-88,,value-30-90,value-30-91,value-30-92,value-30-93,value-30-94,value-30-95,,value-30-97,value-30-98,value-30-99,value-30-100,value-30-101,value-30-102,,value-30-104,value-30-105,value-30-106,value-30-107,value-30-108,value-30-109,,value-30-111,value-30-112,value-30-113,value-30-114,value-30-115,value-30-116,,value-30-118,value-30-119,value-30-120,value-30-121,value-30-122,value-30-123,,value-30-125,value-30-126,value-30-127,value-30-128,value-30-129,value-30-130,,value-30-132,value-30-133,value-30-134,value-30-135,value-30-136,value-30-137,,value-30-139,value-30-140,value-30-141,value-30-142,value-30-143,value-30-144,,value-30-146,value-30-147,value-30-148,value-30-149,value-30-150,value-30-151,,value-30-153,value-30-154,value-30-155,value-30-156,value-30-157,value-30-158,,value-30-160,value-30-161,value-30-162,value-30-163,value-30-164,value-30-165,,value-30-167,value-30-168,value-30-169,value-30-170,value-30-171,value-30-172,,value-30-174,value-30-175,value-30-176,value-30-177,value-30-178,value-30-179,,value-30-181,value-30-182,value-30-183,value-30-184,value-30-185,value-30-186,,value-30-188,value-30-189,value-30-190,value-30-191,value-30-192,value-30-193,,value-30-195,value-30-196,value-30-197
00000032,Wide Company 31,wide31.example,value-31-1,value-31-2,value-31-3,,value-31-5,value-31-6,value-31-7,value-31-8,value-31-9,value-31-10,,value-31-12,value-31-13,value-31-14,value-31-15,value-31-16,value-31-17,,value-31-19,value-31-20,value-31-21,value-31-22,value-31-23,value-31-24,,value-31-26,value-31-27,value-31-28,value-31-29,value-31-30,value-31-31,,value-31-33,value-31-34,value-31-35,value-31-36,value-31-37,value-31-38,,value-31-40,value-31-41,value-31-42,value-31-43,value-31-44,value-31-45,,value-31-47,value-31-48,value-31-49,value-31-50,value-31-51,value-31-52,,value-31-54,value-31-55,value-31-56,value-31-57,value-31-58,value-31-59,,value-31-61,value-31-62,value-31-63,value-31-64,value-31-65,value-31-66,,value-31-68,value-31-69,value-31-70,value-31-71,value-31-72,value-31-73,,value-31-75,value-31-76,value-31-77,value-31-78,value-31-79,value-31-80,,value-31-82,value-31-83,value-31-84,value-31-85,value-31-86,value-31-87,,value-31-89,value-31-90,value-31-91,value-31-92,value-31-93,value-31-94,,value-31-96,value-31-97,value-31-98,value-31-99,value-31-100,value-31-101,,value-31-103,value-31-104,value-31-105,value-31-106,value-31-107,value-31-108,,value-31-110,value-31-111,value-31-112,value-31-113,value-31-114,value-31-115,,value-31-117,value-31-118,value-31-119,value-31-120,value-31-121,value-31-122,,value-31-124,value-31-125,value-31-126,value-31-127,value-31-128,value-31-129,,value-31-131,value-31-132,value-31-133,value-31-134,value-31-135,value-31-136,,value-31-138,value-31-139,value-31-140,value-31-141,value-31-142,value-31-143,,value-31-145,value-31-146,value-31-147,value-31-148,value-31-149,value-31-150,,value-31-152,value-31-153,value-31-154,value-31-155,value-31-156,value-31-157,,value-31-159,value-31-160,value-31-161,value-31-162,value-31-163,value-31-164,,value-31-166,value-31-167,value-31-168,value-31-169,value-31-170,value-31-171,,value-31-173,value-31-174,value-31-175,value-31-176,value-31-177,value-31-178,,value-31-180,value-31-181,value-31-182,value-31-183,value-31-184,value-31-185,,value-31-187,value-31-188,value-31-189,value-31-190,value-31-191,value-31-192,,value-31-194,value-31-195,value-31-196,value-31-197
00000033,Wide Company 32,wide32.example,value-32-1,value-32-2,,value-32-4,value-32-5,value-32-6,value-32-7,value-32-8,value-32-9,,value-32-11,value-32-12,value-32-13,value-32-14,value-32-15,value-32-16,,value-32-18,value-32-19,value-32-20,value-32-21,value-32-22,value-32-23,,value-32-25,value-32-26,value-32-27,value-32-28,value-32-29,value-32-30,,value-32-32,value-32-33,value-32-34,value-32-35,value-32-36,value-32-37,,value-32-39,value-32-40,value-32-41,value-32-42,value-32-43,value-32-44,,value-32-46,value-32-47,value-32-48,value-32-49,value-32-50,value-32-51,,value-32-53,value-32-54,value-32-55,value-32-56,value-32-57,value-32-58,,value-32-60,value-32-61,value-32-62,value-32-63,value-32-64,value-32-65,,value-32-67,value-32-68,value-32-69,value-32-70,value-32-71,value-32-72,,value-32-74,value-32-75,value-32-76,value-32-77,value-32-78,value-32-79,,value-32-81,value-32-82,value-32-83,value-32-84,value-32-85,value-32-86,,value-32-88,value-32-89,value-32-90,value-32-91,value-32-92,value-32-93,,value-32-95,value-32-96,value-32-97,value-32-98,value-32-99,value-32-100,,value-32-102,value-32-103,value-32-104,value-32-105,value-32-106,value-32-107,,value-32-109,value-32-110,value-32-111,value-32-112,value-32-113,value-32-114,,value-32-116,value-32-117,value-32-118,value-32-119,value-32-120,value-32-121,,value-32-123,value-32-124,value-32-125,value-32-126,value-32-127,value-32-128,,value-32-130,value-32-131,value-32-132,value-32-133,value-32-134,value-32-135,,value-32-137,value-32-138,value-32-139,value-32-140,value-32-141,value-32-142,,value-32-144,value-32-145,value-32-146,value-32-147,value-32-148,value-32-149,,value-32-151,value-32-152,value-32-153,value-32-154,value-32-155,value-32-156,,value-32-158,value-32-159,value-32-160,value-32-161,value-32-162,value-32-163,,value-32-165,value-32-166,value-32-167,value-32-168,value-32-169,value-32-170,,value-32-172,value-32-173,value-32-174,value-32-175,value-32-176,value-32-177,,value-32-179,value-32-180,value-32-181,value-32-182,value-32-183,value-32-184,,value-32-186,value-32-187,value-32-188,value-32-189,value-32-190,value-32-191,,value-32-193,value-32-194,value-32-195,value-32-196,value-32-197
00000034,Wide Company 33,wide33.example,value-33-1,,value-33-3,value-33-4,value-33-5,value-33-6,value-33-7,value-33-8,,value-33-10,value-33-11,value-33-12,value-33-13,value-33-14,value-33-15,,value-33-17,value-33-18,value-33-19,value-33-20,value-33-21,value-33-22,,value-33-24,value-33-25,value-33-26,value-33-27,value-33-28,value-33-29,,value-33-31,value-33-32,value-33-33,value-33-34,value-33-35,value-33-36,,value-33-38,value-33-39,value-33-40,value-33-41,value-33-42,value-33-43,,value-33-45,value-33-46,value-33-47,value-33-48,value-33-49,value-33-50,,value-33-52,value-33-53,value-33-54,value-33-55,value-33-56,value-33-57,,value-33-59,value-33-60,value-33-61,value-33-62,value-33-63,value-33-64,,value-33-66,value-33-67,value-33-68,value-33-69,value-33-70,value-33-71,,value-33-73,value-33-74,value-33-75,value-33-76,value-33-77,value-33-78,,value-33-80,value-33-81,value-33-82,value-33-83,value-33-84,value-33-85,,value-33-87,value-33-88,value-33-89,value-33-90,value-33-91,value-33-92,,value-33-94,value-33-95,value-33-96,value-33-97,value-33-98,value-33-99,,value-33-101,value-33-102,value-33-103,value-33-104,value-33-105,value-33-106,,value-33-108,value-33-109,value-33-110,value-33-111,value-33-112,value-33-113,,value-33-115,value-33-116,value-33-117,value-33-118,value-33-119,value-33-120,,value-33-122,value-33-123,value-33-124,value-33-125,value-33-126,value-33-127,,value-33-129,value-33-130,value-33-131,value-33-132,value-33-133,value-33-134,,value-33-136,value-33-137,value-33-138,value-33-139,value-33-140,value-33-141,,value-33-143,value-33-144,value-33-145,value-33-146,value-33-147,value-33-148,,value-33-150,value-33-151,value-33-152,value-33-153,value-33-154,value-33-155,,value-33-157,value-33-158,value-33-159,value-33-160,value-33-161,value-33-162,,value-33-164,value-33-165,value-33-166,value-33-167,value-33-168,value-33-169,,value-33-171,value-33-172,value-33-173,value-33-174,value-33-175,value-33-176,,value-33-178,value-33-179,value-33-180,value-33-181,value-33-182,value-33-183,,value-33-185,value-33-186,value-33-187,value-33-188,value-33-189,value-33-190,,value-33-192,value-33-193,value-33-194,value-33-195,value-33-196,value-33-197
00000035,Wide Company 34,wide34.example,,value-34-2,value-34-3,value-34-4,value-34-5,value-34-6,value-34-7,,value-34-9,value-34-10,value-34-11,value-34-12,value-34-13,value-34-14,,value-34-16,value-34-17,value-34-18,value-34-19,value-34-20,value-34-21,,value-34-23,value-34-24,value-34-25,value-34-26,value-34-27,value-34-28,,value-34-30,value-34-31,value-34-32,value-34-33,value-34-34,value-34-35,,value-34-37,value-34-38,value-34-39,value-34-40,value-34-41,value-34-42,,value-34-44,value-34-45,value-34-46,value-34-47,value-34-48,value-34-49,,value-34-51,value-34-52,value-34-53,value-34-54,value-34-55,value-34-56,,value-34-58,value-34-59,value-34-60,value-34-61,value-34-62,value-34-63,,value-34-65,value-34-66,value-34-67,value-34-68,value-34-69,value-34-70,,value-34-72,value-34-73,value-34-74,value-34-75,value-34-76,value-34-77,,value-34-79,value-34-80,value-34-81,value-34-82,value-34-83,value-34-84,,value-34-86,value-34-87,value-34-88,value-34-89,value-34-90,value-34-91,,value-34-93,value-34-94,value-34-95,value-34-96,value-34-97,value-34-98,,value-34-100,value-34-101,value-34-102,value-34-103,value-34-104,value-34-105,,value-34-107,value-34-108,value-34-109,value-34-110,value-34-111,value-34-112,,value-34-114,value-34-115,value-34-116,value-34-117,value-34-118,value-34-119,,value-34-121,value-34-122,value-34-123,value-34-124,value-34-125,value-34-126,,value-34-128,value-34-129,value-34-130,value-34-131,value-34-132,value-34-133,,value-34-135,value-34-136,value-34-137,value-34-138,value-34-139,value-34-140,,value-34-142,value-34-143,value-34-144,value-34-145,value-34-146,value-34-147,,value-34-149,value-34-150,value-34-151,value-34-152,value-34-153,value-34-154,,value-34-156,value-34-157,value-34-158,value-34-159,value-34-160,value-34-161,,value-34-163,value-34-164,value-34-165,value-34-166,value-34-167,value-34-168,,value-34-170,value-34-171,value-34-172,value-34-173,value-34-174,value-34-175,,value-34-177,value-34-178,value-34-179,value-34-180,value-34-181,value-34-182,,value-34-184,value-34-185,value-34-186,value-34-187,value-34-188,value-34-189,,value-34-191,value-34-192,value-34-193,value-34-194,value-34-195,value-34-196,
00000036,Wide Company 35,wide35.example,value-35-1,value-35-2,value-35-3,value-35-4,value-35-5,value-35-6,,value-35-8,value-35-9,value-35-10,value-35-11,value-35-12,value-35-13,,value-35-15,value-35-16,value-35-17,value-35-18,value-35-19,value-35-20,,value-35-22,value-35-23,value-35-24,value-35-25,value-35-26,value-35-27,,value-35-29,value-35-30,value-35-31,value-35-32,value-35-33,value-35-34,,value-35-36,value-35-37,value-35-38,value-35-39,value-35-40,value-35-41,,value-35-43,value-35-44,value-35-45,value-35-46,value-35-47,value-35-48,,value-35-50,value-35-51,value-35-52,value-35-53,value-35-54,value-35-55,,value-35-57,value-35-58,value-35-59,value-35-60,value-35-61,value-35-62,,value-35-64,value-35-65,value-35-66,value-35-67,value-35-68,value-35-69,,value-35-71,value-35-72,value-35-73,value-35-74,value-35-75,value-35-76,,value-35-78,value-35-79,value-35-80,value-35-81,value-35-82,value-35-83,,value-35-85,value-35-86,value-35-87,value-35-88,value-35-89,value-35-90,,value-35-92,value-35-93,value-35-94,value-35-95,value-35-96,value-35-97,,value-35-99,value-35-100,value-35-101,value-35-102,value-35-103,value-35-104,,value-35-106,value-35-107,value-35-108,value-35-109,value-35-110,value-35-111,,value-35-113,value-35-114,value-35-115,value-35-116,value-35-117,value-35-118,,value-35-120,value-35-121,value-35-122,value-35-123,value-35-124,value-35-125,,value-35-127,value-35-128,value-35-129,value-35-130,value-35-131,value-35-132,,value-35-134,value-35-135,value-35-136,value-35-137,value-35-138,value-35-139,,value-35-141,value-35-142,value-35-143,value-35-144,value-35-145,value-35-146,,value-35-148,value-35-149,value-35-150,value-35-151,value-35-152,value-35-153,,value-35-155,value-35-156,value-35-157,value-35-158,value-35-159,value-35-160,,value-35-162,value-35-163,value-35-164,value-35-165,value-35-166,value-35-167,,value-35-169,value-35-170,value-35-171,value-35-172,value-35-173,value-35-174,,value-35-176,value-35-177,value-35-178,value-35-179,value-35-180,value-35-181,,value-35-183,value-35-184,value-35-185,value-35-186,value-35-187,value-35-188,,value-35-190,value-35-191,value-35-192,value-35-193,value-35-194,value-35-195,,value-35-197
00000037,Wide Company 36,wide36.example,value-36-1,value-36-2,value-36-3,value-36-4,value-36-5,,value-36-7,value-36-8,value-36-9,value-36-10,value-36-11,value-36-12,,value-36-14,value-36-15,value-36-16,value-36-17,value-36-18,value-36-19,,value-36-21,value-36-22,value-36-23,value-36-24,value-36-25,value-36-26,,value-36-28,value-36-29,value-36-30,value-36-31,value-36-32,value-36-33,,value-36-35,value-36-36,value-36-37,value-36-38,value-36-39,value-36-40,,value-36-42,value-36-43,value-36-44,value-36-45,value-36-46,value-36-47,,value-36-49,value-36-50,value-36-51,value-36-52,value-36-53,value-36-54,,value-36-56,value-36-57,value-36-58,value-36-59,value-36-60,value-36-61,,value-36-63,value-36-64,value-36-65,value-36-66,value-36-67,value-36-68,,value-36-70,value-36-71,value-36-72,value-36-73,value-36-74,value-36-75,,value-36-77,value-36-78,value-36-79,value-36-80,value-36-81,value-36-82,,value-36-84,value-36-85,value-36-86,value-36-87,value-36-88,value-36-89,,value-36-91,value-36-92,value-36-93,value-36-94,value-36-95,value-36-96,,value-36-98,value-36-99,value-36-100,value-36-101,value-36-102,value-36-103,,value-36-105,value-36-106,value-36-107,value-36-108,value-36-109,value-36-110,,value-36-112,value-36-113,value-36-114,value-36-115,value-36-116,value-36-117,,value-36-119,value-36-120,value-36-121,value-36-122,value-36-123,value-36-124,,value-36-126,value-36-127,value-36-128,value-36-129,value-36-130,value-36-131,,value-36-133,value-36-134,value-36-135,value-36-136,value-36-137,value-36-138,,value-36-140,value-36-141,value-36-142,value-36-143,value-36-144,value-36-145,,value-36-147,value-36-148,value-36-149,value-36-150,value-36-151,value-36-152,,value-36-154,value-36-155,value-36-156,value-36-157,value-36-158,value-36-159,,value-36-161,value-36-162,value-36-163,value-36-164,value-36-165,value-36-166,,value-36-168,value-36-169,value-36-170,value-36-171,value-36-172,value-36-173,,value-36-175,value-36-176,value-36-177,value-36-178,value-36-179,value-36-180,,value-36-182,value-36-183,value-36-184,value-36-185,value-36-186,value-36-187,,value-36-189,value-36-190,value-36-191,value-36-192,value-36-193,value-36-194,,value-36-196,value-36-197
00000038,Wide Company 37,wide37.example,value-37-1,value-37-2,value-37-3,value-37-4,,value-37-6,value-37-7,value-37-8,value-37-9,value-37-10,value-37-11,,value-37-13,value-37-14,value-37-15,value-37-16,value-37-17,value-37-18,,value-37-20,value-37-21,value-37-22,value-37-23,value-37-24,value-37-25,,value-37-27,value-37-28,value-37-29,value-37-30,value-37-31,value-37-32,,value-37-34,value-37-35,value-37-36,value-37-37,value-37-38,value-37-39,,value-37-41,value-37-42,value-37-43,value-37-44,value-37-45,value-37-46,,value-37-48,value-37-49,value-37-50,value-37-51,value-37-52,value-37-53,,value-37-55,value-37-56,value-37-57,value-37-58,value-37-59,value-37-60,,value-37-62,value-37-63,value-37-64,value-37-65,value-37-66,value-37-67,,value-37-69,value-37-70,value-37-71,value-37-72,value-37-73,value-37-74,,value-37-76,value-37-77,value-37-78,value-37-79,value-37-80,value-37-81,,value-37-83,value-37-84,value-37-85,value-37-86,value-37-87,value-37-88,,value-37-90,value-37-91,value-37-92,value-37-93,value-37-94,value-37-95,,value-37-97,value-37-98,value-37-99,value-37-100,value-37-101,value-37-102,,value-37-104,value-37-105,value-37-106,value-37-107,value-37-108,value-37-109,,value-37-111,value-37-112,value-37-113,value-37-114,value-37-115,value-37-116,,value-37-118,value-37-119,value-37-120,value-37-121,value-37-122,value-37-123,,value-37-125,value-37-126,value-37-127,value-37-128,value-37-129,value-37-130,,value-37-132,value-37-133,value-37-134,value-37-135,value-37-136,value-37-137,,value-37-139,value-37-140,value-37-141,value-37-142,value-37-143,value-37-144,,value-37-146,value-37-147,value-37-148,value-37-149,value-37-150,value-37-151,,value-37-153,value-37-154,value-37-155,value-37-156,value-37-157,value-37-158,,value-37-160,value-37-161,value-37-162,value-37-163,value-37-164,value-37-165,,value-37-167,value-37-168,value-37-169,value-37-170,value-37-171,value-37-172,,value-37-174,value-37-175,value-37-176,value-37-177,value-37-178,value-37-179,,value-37-181,value-37-182,value-37-183,value-37-184,value-37-185,value-37-186,,value-37-188,value-37-189,value-37-190,value-37-191,value-37-192,value-37-193,,value-37-195,value-37-196,value-37-197
00000039,Wide Company 38,wide38.example,value-38-1,value-38-2,value-38-3,,value-38-5,value-38-6,value-38-7,value-38-8,value-38-9,value-38-10,,value-38-12,value-38-13,value-38-14,value-38-15,value-38-16,value-38-17,,value-38-19,value-38-20,value-38-21,value-38-22,value-38-23,value-38-24,,value-38-26,value-38-27,value-38-28,value-38-29,value-38-30,value-38-31,,value-38-33,value-38-34,value-38-35,value-38-36,value-38-37,value-38-38,,value-38-40,value-38-41,value-38-42,value-38-43,value-38-44,value-38-45,,value-38-47,value-38-48,value-38-49,value-38-50,value-38-51,value-38-52,,value-38-54,value-38-55,value-38-56,value-38-57,value-38-58,value-38-59,,value-38-61,value-38-62,value-38-63,value-38-64,value-38-65,value-38-66,,value-38-68,value-38-69,value-38-70,value-38-71,value-38-72,value-38-73,,value-38-75,value-38-76,value-38-77,value-38-78,value-38-79,value-38-80,,value-38-82,value-38-83,value-38-84,value-38-85,value-38-86,value-38-87,,value-38-89,value-38-90,value-38-91,value-38-92,value-38-93,value-38-94,,value-38-96,value-38-97,value-38-98,value-38-99,value-38-100,value-38-101,,value-38-103,value-38-104,value-38-105,value-38-106,value-38-107,value-38-108,,value-38-110,value-38-111,value-38-112,value-38-113,value-38-114,value-38-115,,value-38-117,value-38-118,value-38-119,value-38-120,value-38-121,value-38-122,,value-38-124,value-38-125,value-38-126,value-38-127,value-38-128,value-38-129,,value-38-131,value-38-132,value-38-133,value-38-134,value-38-135,value-38-136,,value-38-138,value-38-139,value-38-140,value-38-141,value-38-142,value-38-143,,value-38-145,value-38-146,value-38-147,value-38-148,value-38-149,value-38-150,,value-38-152,value-38-153,value-38-154,value-38-155,value-38-156,value-38-157,,value-38-159,value-38-160,value-38-161,value-38-162,value-38-163,value-38-164,,value-38-166,value-38-167,value-38-168,value-38-169,value-38-170,value-38-171,,value-38-173,value-38-174,value-38-175,value-38-176,value-38-177,value-38-178,,value-38-180,value-38-181,value-38-182,value-38-183,value-38-184,value-38-185,,value-38-187,value-38-188,value-38-189,value-38-190,value-38-191,value-38-192,,value-38-194,value-38-195,value-38-196,value-38-197
00000040,Wide Company 39,wide39.example,value-39-1,value-39-2,,value-39-4,value-39-5,value-39-6,value-39-7,value-39-8,value-39-9,,value-39-11,value-39-12,value-39-13,value-39-14,value-39-15,value-39-16,,value-39-18,value-39-19,value-39-20,value-39-21,value-39-22,value-39-23,,value-39-25,value-39-26,value-39-27,value-39-28,value-39-29,value-39-30,,value-39-32,value-39-33,value-39-34,value-39-35,value-39-36,value-39-37,,value-39-39,value-39-40,value-39-41,value-39-42,value-39-43,value-39-44,,value-39-46,value-39-47,value-39-48,value-39-49,value-39-50,value-39-51,,value-39-53,value-39-54,value-39-55,value-39-56,value-39-57,value-39-58,,value-39-60,value-39-61,value-39-62,value-39-63,value-39-64,value-39-65,,value-39-67,value-39-68,value-39-69,value-39-70,value-39-71,value-39-72,,value-39-74,value-39-75,value-39-76,value-39-77,value-39-78,value-39-79,,value-39-81,value-39-82,value-39-83,value-39-84,value-39-85,value-39-86,,value-39-88,value-39-89,value-39-90,value-39-91,value-39-92,value-39-93,,value-39-95,value-39-96,value-39-97,value-39-98,value-39-99,value-39-100,,value-39-102,value-39-103,value-39-104,value-39-105,value-39-106,value-39-107,,value-39-109,value-39-110,value-39-111,value-39-112,value-39-113,value-39-114,,value-39-116,value-39-117,value-39-118,value-39-119,value-39-120,value-39-121,,value-39-123,value-39-124,value-39-125,value-39-126,value-39-127,value-39-128,,value-39-130,value-39-131,value-39-132,value-39-133,value-39-134,value-39-135,,value-39-137,value-39-138,value-39-139,value-39-140,value-39-141,value-39-142,,value-39-144,value-39-145,value-39-146,value-39-147,value-39-148,value-39-149,,value-39-151,value-39-152,value-39-153,value-39-154,value-39-155,value-39-156,,value-39-158,value-39-159,value-39-160,value-39-161,value-39-162,value-39-163,,value-39-165,value-39-166,value-39-167,value-39-168,value-39-169,value-39-170,,value-39-172,value-39-173,value-39-174,value-39-175,value-39-176,value-39-177,,value-39-179,value-39-180,value-39-181,value-39-182,value-39-183,value-39-184,,value-39-186,value-39-187,value-39-188,value-39-189,value-39-190,value-39-191,,value-39-193,value-39-194,value-39-195,value-39-196,value-39-197
00000041,Wide Company 40,wide40.example,value-40-1,,value-40-3,value-40-4,value-40-5,value-40-6,value-40-7,value-40-8,,value-40-10,value-40-11,value-40-12,value-40-13,value-40-14,value-40-15,,value-40-17,value-40-18,value-40-19,value-40-20,value-40-21,value-40-22,,value-40-24,value-40-25,value-40-26,value-40-27,value-40-28,value-40-29,,value-40-31,value-40-32,value-40-33,value-40-34,value-40-35,value-40-36,,value-40-38,value-40-39,value-40-40,value-40-41,value-40-42,value-40-43,,value-40-45,value-40-46,value-40-47,value-40-48,value-40-49,value-40-50,,value-40-52,value-40-53,value-40-54,value-40-55,value-40-56,value-40-57,,value-40-59,value-40-60,value-40-61,value-40-62,value-40-63,value-40-64,,value-40-66,value-40-67,value-40-68,value-40-69,value-40-70,value-40-71,,value-40-73,value-40-74,value-40-75,value-40-76,value-40-77,value-40-78,,value-40-80,value-40-81,value-40-82,value-40-83,value-40-84,value-40-85,,value-40-87,value-40-88,value-40-89,value-40-90,value-40-91,value-40-92,,value-40-94,value-40-95,value-40-96,value-40-97,value-40-98,value-40-99,,value-40-101,value-40-102,value-40-103,value-40-104,value-40-105,value-40-106,,value-40-108,value-40-109,value-40-110,value-40-111,value-40-112,value-40-113,,value-40-115,value-40-116,value-40-117,value-40-118,value-40-119,value-40-120,,value-40-122,value-40-123,value-40-124,value-40-125,value-40-126,value-40-127,,value-40-129,value-40-130,value-40-131,value-40-132,value-40-133,value-40-134,,value-40-136,value-40-137,value-40-138,value-40-139,value-40-140,value-40-141,,value-40-143,value-40-144,value-40-145,value-40-146,value-40-147,value-40-148,,value-40-150,value-40-151,value-40-152,value-40-153,value-40-154,value-40-155,,value-40-157,value-40-158,value-40-159,value-40-160,value-40-161,value-40-162,,value-40-164,value-40-165,value-40-166,value-40-167,value-40-168,value-40-169,,value-40-171,value-40-172,value-40-173,value-40-174,value-40-175,value-40-176,,value-40-178,value-40-179,value-40-180,value-40-181,value-40-182,value-40-183,,value-40-185,value-40-186,value-40-187,value-40-188,value-40-189,value-40-190,,value-40-192,value-40-193,value-40-194,value-40-195,value-40-196,value-40-197
00000042,Wide Company 41,wide41.example,,value-41-2,value-41-3,value-41-4,value-41-5,value-41-6,value-41-7,,value-41-9,value-41-10,value-41-11,value-41-12,value-41-13,value-41-14,,value-41-16,value-41-17,value-41-18,value-41-19,value-41-20,value-41-21,,value-41-23,value-41-24,value-41-25,value-41-26,value-41-27,value-41-28,,value-41-30,value-41-31,value-41-32,value-41-33,value-41-34,value-41-35,,value-41-37,value-41-38,value-41-39,value-41-40,value-41-41,value-41-42,,value-41-44,value-41-45,value-41-46,value-41-47,value-41-48,value-41-49,,value-41-51,value-41-52,value-41-53,value-41-54,value-41-55,value-41-56,,value-41-58,value-41-59,value-41-60,value-41-61,value-41-62,value-41-63,,value-41-65,value-41-66,value-41-67,value-41-68,value-41-69,value-41-70,,value-41-72,value-41-73,value-41-74,value-41-75,value-41-76,value-41-77,,value-41-79,value-41-80,value-41-81,value-41-82,value-41-83,value-41-84,,value-41-86,value-41-87,value-41-88,value-41-89,value-41-90,value-41-91,,value-41-93,value-41-94,value-41-95,value-41-96,value-41-97,value-41-98,,value-41-100,value-41-101,value-41-102,value-41-103,value-41-104,value-41-105,,value-41-107,value-41-108,value-41-109,value-41-110,value-41-111,value-41-112,,value-41-114,value-41-115,value-41-116,value-41-117,value-41-118,value-41-119,,value-41-121,value-41-122,value-41-123,value-41-124,value-41-125,value-41-126,,value-41-128,value-41-129,value-41-130,value-41-131,value-41-132,value-41-133,,value-41-135,value-41-136,value-41-137,value-41-138,value-41-139,value-41-140,,value-41-142,value-41-143,value-41-144,value-41-145,value-41-146,value-41-147,,value-41-149,value-41-150,value-41-151,value-41-152,value-41-153,value-41-154,,value-41-156,value-41-157,value-41-158,value-41-159,value-41-160,value-41-161,,value-41-163,value-41-164,value-41-165,value-41-166,value-41-167,value-41-168,,value-41-170,value-41-171,value-41-172,value-41-173,value-41-174,value-41-175,,value-41-177,value-41-178,value-41-179,value-41-180,value-41-181,value-41-182,,value-41-184,value-41-185,value-41-186,value-41-187,value-41-188,value-41-189,,value-41-191,value-41-192,value-41-193,value-41-194,value-41-195,value-41-196,
00000043,Wide Company 42,wide42.example,value-42-1,value-42-2,value-42-3,value-42-4,value-42-5,value-42-6,,value-42-8,value-42-9,value-42-10,value-42-11,value-42-12,value-42-13,,value-42-15,value-42-16,value-42-17,value-42-18,value-42-19,value-42-20,,value-42-22,value-42-23,value-42-24,value-42-25,value-42-26,value-42-27,,value-42-29,value-42-30,value-42-31,value-42-32,value-42-33,value-42-34,,value-42-36,value-42-37,value-42-38,value-42-39,value-42-40,value-42-41,,value-42-43,value-42-44,value-42-45,value-42-46,value-42-47,value-42-48,,value-42-50,value-42-51,value-42-52,value-42-53,value-42-54,value-42-55,,value-42-57,value-42-58,value-42-59,value-42-60,value-42-61,value-42-62,,value-42-64,value-42-65,value-42-66,value-42-67,value-42-68,value-42-69,,value-42-71,value-42-72,value-42-73,value-42-74,value-42-75,value-42-76,,value-42-78,value-42-79,value-42-80,value-42-81,value-42-82,value-42-83,,value-42-85,value-42-86,value-42-87,value-42-88,value-42-89,value-42-90,,value-42-92,value-42-93,value-42-94,value-42-95,value-42-96,value-42-97,,value-42-99,value-42-100,value-42-101,value-42-102,value-42-103,value-42-104,,value-42-106,value-42-107,value-42-108,value-42-109,value-42-110,value-42-111,,value-42-113,value-42-114,value-42-115,value-42-116,value-42-117,value-42-118,,value-42-120,value-42-121,value-42-122,value-42-123,value-42-124,value-42-125,,value-42-127,value-42-128,value-42-129,value-42-130,value-42-131,value-42-132,,value-42-134,value-42-135,value-42-136,value-42-137,value-42-138,value-42-139,,value-42-141,value-42-142,value-42-143,value-42-144,value-42-145,value-42-146,,value-42-148,value-42-149,value-42-150,value-42-151,value-42-152,value-42-153,,value-42-155,value-42-156,value-42-157,value-42-158,value-42-159,value-42-160,,value-42-162,value-42-163,value-42-164,value-42-165,value-42-166,value-42-167,,value-42-169,value-42-170,value-42-171,value-42-172,value-42-173,value-42-174,,value-42-176,value-42-177,value-42-178,value-42-179,value-42-180,value-42-181,,value-42-183,value-42-184,value-42-185,value-42-186,value-42-187,value-42-188,,value-42-190,value-42-191,value-42-192,value-42-193,value-42-194,value-42-195,,value-42-197
00000044,Wide Company 43,wide43.example,value-43-1,value-43-2,value-43-3,value-43-4,value-43-5,,value-43-7,value-43-8,value-43-9,value-43-10,value-43-11,value-43-12,,value-43-14,value-43-15,value-43-16,value-43-17,value-43-18,value-43-19,,value-43-21,value-43-22,value-43-23,value-43-24,value-43-25,value-43-26,,value-43-28,value-43-29,value-43-30,value-43-31,value-43-32,value-43-33,,value-43-35,value-43-36,value-43-37,value-43-38,value-43-39,value-43-40,,value-43-42,value-43-43,value-43-44,value-43-45,value-43-46,value-43-47,,value-43-49,value-43-50,value-43-51,value-43-52,value-43-53,value-43-54,,value-43-56,value-43-57,value-43-58,value-43-59,value-43-60,value-43-61,,value-43-63,value-43-64,value-43-65,value-43-66,value-43-67,value-43-68,,value-43-70,value-43-71,value-43-72,value-43-73,value-43-74,value-43-75,,value-43-77,value-43-78,value-43-79,value-43-80,value-43-81,value-43-82,,value-43-84,value-43-85,value-43-86,value-43-87,value-43-88,value-43-89,,value-43-91,value-43-92,value-43-93,value-43-94,value-43-95,value-43-96,,value-43-98,value-43-99,value-43-100,value-43-101,value-43-102,value-43-103,,value-43-105,value-43-106,value-43-107,value-43-108,value-43-109,value-43-110,,value-43-112,value-43-113,value-43-114,value-43-115,value-43-116,value-43-117,,value-43-119,value-43-120,value-43-121,value-43-122,value-43-123,value-43-124,,value-43-126,value-43-127,value-43-128,value-43-129,value-43-130,value-43-131,,value-43-133,value-43-134,value-43-135,value-43-136,value-43-137,value-43-138,,value-43-140,value-43-141,value-43-142,value-43-143,value-43-144,value-43-145,,value-43-147,value-43-148,value-43-149,value-43-150,value-43-151,value-43-152,,value-43-154,value-43-155,value-43-156,value-43-157,value-43-158,value-43-159,,value-43-161,value-43-162,value-43-163,value-43-164,value-43-165,value-43-166,,value-43-168,value-43-169,value-43-170,value-43-171,value-43-172,value-43-173,,value-43-175,value-43-176,value-43-177,value-43-178,value-43-179,value-43-180,,value-43-182,value-43-183,value-43-184,value-43-185,value-43-186,value-43-187,,value-43-189,value-43-190,value-43-191,value-43-192,value-43-193,value-43-194,,value-43-196,value-43-197
00000045,Wide Company 44,wide44.example,value-44-1,value-44-2,value-44-3,value-44-4,,value-44-6,value-44-7,value-44-8,value-44-9,value-44-10,value-44-11,,value-44-13,value-44-14,value-44-15,value-44-16,value-44-17,value-44-18,,value-44-20,value-44-21,value-44-22,value-44-23,value-44-24,value-44-25,,value-44-27,value-44-28,value-44-29,value-44-30,value-44-31,value-44-32,,value-44-34,value-44-35,value-44-36,value-44-37,value-44-38,value-44-39,,value-44-41,value-44-42,value-44-43,value-44-44,value-44-45,value-44-46,,value-44-48,value-44-49,value-44-50,value-44-51,value-44-52,value-44-53,,value-44-55,value-44-56,value-44-57,value-44-58,value-44-59,value-44-60,,value-44-62,value-44-63,value-44-64,value-44-65,value-44-66,value-44-67,,value-44-69,value-44-70,value-44-71,value-44-72,value-44-73,value-44-74,,value-44-76,value-44-77,value-44-78,value-44-79,value-44-80,value-44-81,,value-44-83,value-44-84,value-44-85,value-44-86,value-44-87,value-44-88,,value-44-90,value-44-91,value-44-92,value-44-93,value-44-94,value-44-95,,value-44-97,value-44-98,value-44-99,value-44-100,value-44-101,value-44-102,,value-44-104,value-44-105,value-44-106,value-44-107,value-44-108,value-44-109,,value-44-111,value-44-112,value-44-113,value-44-114,value-44-115,value-44-116,,value-44-118,value-44-119,value-44-120,value-44-121,value-44-122,value-44-123,,value-44-125,value-44-126,value-44-127,value-44-128,value-44-129,value-44-130,,value-44-132,value-44-133,value-44-134,value-44-135,value-44-136,value-44-137,,value-44-139,value-44-140,value-44-141,value-44-142,value-44-143,value-44-144,,value-44-146,value-44-147,value-44-148,value-44-149,value-44-150,value-44-151,,value-44-153,value-44-154,value-44-155,value-44-156,value-44-157,value-44-158,,value-44-160,value-44-161,value-44-162,value-44-163,value-44-164,value-44-165,,value-44-167,value-44-168,value-44-169,value-44-170,value-44-171,value-44-172,,value-44-174,value-44-175,value-44-176,value-44-177,value-44-178,value-44-179,,value-44-181,value-44-182,value-44-183,value-44-184,value-44-185,value-44-186,,value-44-188,value-44-189,value-44-190,value-44-191,value-44-192,value-44-193,,value-44-195,value-44-196,value-44-197
00000046,Wide Company 45,wide45.example,value-45-1,value-45-2,value-45-3,,value-45-5,value-45-6,value-45-7,value-45-8,value-45-9,value-45-10,,value-45-12,value-45-13,value-45-14,value-45-15,value-45-16,value-45-17,,value-45-19,value-45-20,value-45-21,value-45-22,value-45-23,value-45-24,,value-45-26,value-45-27,value-45-28,value-45-29,value-45-30,value-45-31,,value-45-33,value-45-34,value-45-35,value-45-36,value-45-37,value-45-38,,value-45-40,value-45-41,value-45-42,value-45-43,value-45-44,value-45-45,,value-45-47,value-45-48,value-45-49,value-45-50,value-45-51,value-45-52,,value-45-54,value-45-55,value-45-56,value-45-57,value-45-58,value-45-59,,value-45-61,value-45-62,value-45-63,value-45-64,value-45-65,value-45-66,,value-45-68,value-45-69,value-45-70,value-45-71,value-45-72,value-45-73,,value-45-75,value-45-76,value-45-77,value-45-78,value-45-79,value-45-80,,value-45-82,value-45-83,value-45-84,value-45-85,value-45-86,value-45-87,,value-45-89,value-45-90,value-45-91,value-45-92,value-45-93,value-45-94,,value-45-96,value-45-97,value-45-98,value-45-99,value-45-100,value-45-101,,value-45-103,value-45-104,value-45-105,value-45-106,value-45-107,value-45-108,,value-45-110,value-45-111,value-45-112,value-45-113,value-45-114,value-45-115,,value-45-117,value-45-118,value-45-119,value-45-120,value-45-121,value-45-122,,value-45-124,value-45-125,value-45-126,value-45-127,value-45-128,value-45-129,,value-45-131,value-45-132,value-45-133,value-45-134,value-45-135,value-45-136,,value-45-138,value-45-139,value-45-140,value-45-141,value-45-142,value-45-143,,value-45-145,value-45-146,value-45-147,value-45-148,value-45-149,value-45-150,,value-45-152,value-45-153,value-45-154,value-45-155,value-45-156,value-45-157,,value-45-159,value-45-160,value-45-161,value-45-162,value-45-163,value-45-164,,value-45-166,value-45-167,value-45-168,value-45-169,value-45-170,value-45-171,,value-45-173,value-45-174,value-45-175,value-45-176,value-45-177,value-45-178,,value-45-180,value-45-181,value-45-182,value-45-183,value-45-184,value-45-185,,value-45-187,value-45-188,value-45-189,value-45-190,value-45-191,value-45-192,,value-45-194,value-45-195,value-45-196,value-45-197
00000047,Wide Company 46,wide46.example,value-46-1,value-46-2,,value-46-4,value-46-5,value-46-6,value-46-7,value-46-8,value-46-9,,value-46-11,value-46-12,value-46-13,value-46-14,value-46-15,value-46-16,,value-46-18,value-46-19,value-46-20,value-46-21,value-46-22,value-46-23,,value-46-25,value-46-26,value-46-27,value-46-28,value-46-29,value-46-30,,value-46-32,value-46-33,value-46-34,value-46-35,value-46-36,value-46-37,,value-46-39,value-46-40,value-46-41,value-46-42,value-46-43,value-46-44,,value-46-46,value-46-47,value-46-48,value-46-49,value-46-50,value-46-51,,value-46-53,value-46-54,value-46-55,value-46-56,value-46-57,value-46-58,,value-46-60,value-46-61,value-46-62,value-46-63,value-46-64,value-46-65,,value-46-67,value-46-68,value-46-69,value-46-70,value-46-71,value-46-72,,value-46-74,value-46-75,value-46-76,value-46-77,value-46-78,value-46-79,,value-46-81,value-46-82,value-46-83,value-46-84,value-46-85,value-46-86,,value-46-88,value-46-89,value-46-90,value-46-91,value-46-92,value-46-93,,value-46-95,value-46-96,value-46-97,value-46-98,value-46-99,value-46-100,,value-46-102,value-46-103,value-46-104,value-46-105,value-46-106,value-46-107,,value-46-109,value-46-110,value-46-111,value-46-112,value-46-113,value-46-114,,value-46-116,value-46-117,value-46-118,value-46-119,value-46-120,value-46-121,,value-46-123,value-46-124,value-46-125,value-46-126,value-46-127,value-46-128,,value-46-130,value-46-131,value-46-132,value-46-133,value-46-134,value-46-135,,value-46-137,value-46-138,value-46-139,value-46-140,value-46-141,value-46-142,,value-46-144,value-46-145,value-46-146,value-46-147,value-46-148,value-46-149,,value-46-151,value-46-152,value-46-153,value-46-154,value-46-155,value-46-156,,value-46-158,value-46-159,value-46-160,value-46-161,value-46-162,value-46-163,,value-46-165,value-46-166,value-46-167,value-46-168,value-46-169,value-46-170,,value-46-172,value-46-173,value-46-174,value-46-175,value-46-176,value-46-177,,value-46-179,value-46-180,value-46-181,value-46-182,value-46-183,value-46-184,,value-46-186,value-46-187,value-46-188,value-46-189,value-46-190,value-46-191,,value-46-193,value-46-194,value-46-195,value-46-196,value-46-197
00000048,Wide Company 47,wide47.example,value-47-1,,value-47-3,value-47-4,value-47-5,value-47-6,value-47-7,value-47-8,,value-47-10,value-47-11,value-47-12,value-47-13,value-47-14,value-47-15,,value-47-17,value-47-18,value-47-19,value-47-20,value-47-21,value-47-22,,value-47-24,value-47-25,value-47-26,value-47-27,value-47-28,value-47-29,,value-47-31,value-47-32,value-47-33,value-47-34,value-47-35,value-47-36,,value-47-38,value-47-39,value-47-40,value-47-41,value-47-42,value-47-43,,value-47-45,value-47-46,value-47-47,value-47-48,value-47-49,value-47-50,,value-47-52,value-47-53,value-47-54,value-47-55,value-47-56,value-47-57,,value-47-59,value-47-60,value-47-61,value-47-62,value-47-63,value-47-64,,value-47-66,value-47-67,value-47-68,value-47-69,value-47-70,value-47-71,,value-47-73,value-47-74,value-47-75,value-47-76,value-47-77,value-47-78,,value-47-80,value-47-81,value-47-82,value-47-83,value-47-84,value-47-85,,value-47-87,value-47-88,value-47-89,value-47-90,value-47-91,value-47-92,,value-47-94,value-47-95,value-47-96,value-47-97,value-47-98,value-47-99,,value-47-101,value-47-102,value-47-103,value-47-104,value-47-105,value-47-106,,value-47-108,value-47-109,value-47-110,value-47-111,value-47-112,value-47-113,,value-47-115,value-47-116,value-47-117,value-47-118,value-47-119,value-47-120,,value-47-122,value-47-123,value-47-124,value-47-125,value-47-126,value-47-127,,value-47-129,value-47-130,value-47-131,value-47-132,value-47-133,value-47-134,,value-47-136,value-47-137,value-47-138,value-47-139,value-47-140,value-47-141,,value-47-143,value-47-144,value-47-145,value-47-146,value-47-147,value-47-148,,value-47-150,value-47-151,value-47-152,value-47-153,value-47-154,value-47-155,,value-47-157,value-47-158,value-47-159,value-47-160,value-47-161,value-47-162,,value-47-164,value-47-165,value-47-166,value-47-167,value-47-168,value-47-169,,value-47-171,value-47-172,value-47-173,value-47-174,value-47-175,value-47-176,,value-47-178,value-47-179,value-47-180,value-47-181,value-47-182,value-47-183,,value-47-185,value-47-186,value-47-187,value-47-188,value-47-189,value-47-190,,value-47-192,value-47-193,value-47-194,value-47-195,value-47-196,value-47-197
00000049,Wide Company 48,wide48.example,,value-48-2,value-48-3,value-48-4,value-48-5,value-48-6,value-48-7,,value-48-9,value-48-10,value-48-11,value-48-12,value-48-13,value-48-14,,value-48-16,value-48-17,value-48-18,value-48-19,value-48-20,value-48-21,,value-48-23,value-48-24,value-48-25,value-48-26,value-48-27,value-48-28,,value-48-30,value-48-31,value-48-32,value-48-33,value-48-34,value-48-35,,value-48-37,value-48-38,value-48-39,value-48-40,value-48-41,value-48-42,,value-48-44,value-48-45,value-48-46,value-48-47,value-48-48,value-48-49,,value-48-51,value-48-52,value-48-53,value-48-54,value-48-55,value-48-56,,value-48-58,value-48-59,value-48-60,value-48-61,value-48-62,value-48-63,,value-48-65,value-48-66,value-48-67,value-48-68,value-48-69,value-48-70,,value-48-72,value-48-73,value-48-74,value-48-75,value-48-76,value-48-77,,value-48-79,value-48-80,value-48-81,value-48-82,value-48-83,value-48-84,,value-48-86,value-48-87,value-48-88,value-48-89,value-48-90,value-48-91,,value-48-93,value-48-94,value-48-95,value-48-96,value-48-97,value-48-98,,value-48-100,value-48-101,value-48-102,value-48-103,value-48-104,value-48-105,,value-48-107,value-48-108,value-48-109,value-48-110,value-48-111,value-48-112,,value-48-114,value-48-115,value-48-116,value-48-117,value-48-118,value-48-119,,value-48-121,value-48-122,value-48-123,value-48-124,value-48-125,value-48-126,,value-48-128,value-48-129,value-48-130,value-48-131,value-48-132,value-48-133,,value-48-135,value-48-136,value-48-137,value-48-138,value-48-139,value-48-140,,value-48-142,value-48-143,value-48-144,value-48-145,value-48-146,value-48-147,,value-48-149,value-48-150,value-48-151,value-48-152,value-48-153,value-48-154,,value-48-156,value-48-157,value-48-158,value-48-159,value-48-160,value-48-161,,value-48-163,value-48-164,value-48-165,value-48-166,value-48-167,value-48-168,,value-48-170,value-48-171,value-48-172,value-48-173,value-48-174,value-48-175,,value-48-177,value-48-178,value-48-179,value-48-180,value-48-181,value-48-182,,value-48-184,value-48-185,value-48-186,value-48-187,value-48-188,value-48-189,,value-48-191,value-48-192,value-48-193,value-48-194,value-48-195,value-48-196,
00000050,Wide Company 49,wide49.example,value-49-1,value-49-2,value-49-3,value-49-4,value-49-5,value-49-6,,value-49-8,value-49-9,value-49-10,value-49-11,value-49-12,value-49-13,,value-49-15,value-49-16,value-49-17,value-49-18,value-49-19,value-49-20,,value-49-22,value-49-23,value-49-24,value-49-25,value-49-26,value-49-27,,value-49-29,value-49-30,value-49-31,value-49-32,value-49-33,value-49-34,,value-49-36,value-49-37,value-49-38,value-49-39,value-49-40,value-49-41,,value-49-43,value-49-44,value-49-45,value-49-46,value-49-47,value-49-48,,value-49-50,value-49-51,value-49-52,value-49-53,value-49-54,value-49-55,,value-49-57,value-49-58,value-49-59,value-49-60,value-49-61,value-49-62,,value-49-64,value-49-65,value-49-66,value-49-67,value-49-68,value-49-69,,value-49-71,value-49-72,value-49-73,value-49-74,value-49-75,value-49-76,,value-49-78,value-49-79,value-49-80,value-49-81,value-49-82,value-49-83,,value-49-85,value-49-86,value-49-87,value-49-88,value-49-89,value-49-90,,value-49-92,value-49-93,value-49-94,value-49-95,value-49-96,value-49-97,,value-49-99,value-49-100,value-49-101,value-49-102,value-49-103,value-49-104,,value-49-106,value-49-107,value-49-108,value-49-109,value-49-110,value-49-111,,value-49-113,value-49-114,value-49-115,value-49-116,value-49-117,value-49-118,,value-49-120,value-49-121,value-49-122,value-49-123,value-49-124,value-49-125,,value-49-127,value-49-128,value-49-129,value-49-130,value-49-131,value-49-132,,value-49-134,value-49-135,value-49-136,value-49-137,value-49-138,value-49-139,,value-49-141,value-49-142,value-49-143,value-49-144,value-49-145,value-49-146,,value-49-148,value-49-149,value-49-150,value-49-151,value-49-152,value-49-153,,value-49-155,value-49-156,value-49-157,value-49-158,value-49-159,value-49-160,,value-49-162,value-49-163,value-49-164,value-49-165,value-49-166,value-49-167,,value-49-169,value-49-170,value-49-171,value-49-172,value-49-173,value-49-174,,value-49-176,value-49-177,value-49-178,value-49-179,value-49-180,value-49-181,,value-49-183,value-49-184,value-49-185,value-49-186,value-49-187,value-49-188,,value-49-190,value-49-191,value-49-192,value-49-193,value-49-194,value-49-195,,value-49-197
00000051,Wide Company 50,wide50.example,value-50-1,value-50-2,value-50-3,value-50-4,value-50-5,,value-50-7,value-50-8,value-50-9,value-50-10,value-50-11,value-50-12,,value-50-14,value-50-15,value-50-16,value-50-17,value-50-18,value-50-19,,value-50-21,value-50-22,value-50-23,value-50-24,value-50-25,value-50-26,,value-50-28,value-50-29,value-50-30,value-50-31,value-50-32,value-50-33,,value-50-35,value-50-36,value-50-37,value-50-38,value-50-39,value-50-40,,value-50-42,value-50-43,value-50-44,value-50-45,value-50-46,value-50-47,,value-50-49,value-50-50,value-50-51,value-50-52,value-50-53,value-50-54,,value-50-56,value-50-57,value-50-58,value-50-59,value-50-60,value-50-61,,value-50-63,value-50-64,value-50-65,value-50-66,value-50-67,value-50-68,,value-50-70,value-50-71,value-50-72,value-50-73,value-50-74,value-50-75,,value-50-77,value-50-78,value-50-79,value-50-80,value-50-81,value-50-82,,value-50-84,value-50-85,value-50-86,value-50-87,value-50-88,value-50-89,,value-50-91,value-50-92,value-50-93,value-50-94,value-50-95,value-50-96,,value-50-98,value-50-99,value-50-100,value-50-101,value-50-102,value-50-103,,value-50-105,value-50-106,value-50-107,value-50-108,value-50-109,value-50-110,,value-50-112,value-50-113,value-50-114,value-50-115,value-50-116,value-50-117,,value-50-119,value-50-120,value-50-121,value-50-122,value-50-123,value-50-124,,value-50-126,value-50-127,value-50-128,value-50-129,value-50-130,value-50-131,,value-50-133,value-50-134,value-50-135,value-50-136,value-50-137,value-50-138,,value-50-140,value-50-141,value-50-142,value-50-143,value-50-144,value-50-145,,value-50-147,value-50-148,value-50-149,value-50-150,value-50-151,value-50-152,,value-50-154,value-50-155,value-50-156,value-50-157,value-50-158,value-50-159,,value-50-161,value-50-162,value-50-163,value-50-164,value-50-165,value-50-166,,value-50-168,value-50-169,value-50-170,value-50-171,value-50-172,value-50-173,,value-50-175,value-50-176,value-50-177,value-50-178,value-50-179,value-50-180,,value-50-182,value-50-183,value-50-184,value-50-185,value-50-186,value-50-187,,value-50-189,value-50-190,value-50-191,value-50-192,value-50-193,value-50-194,,value-50-196,value-50-197
00000052,Wide Company 51,wide51.example,value-51-1,value-51-2,value-51-3,value-51-4,,value-51-6,value-51-7,value-51-8,value-51-9,value-51-10,value-51-11,,value-51-13,value-51-14,value-51-15,value-51-16,value-51-17,value-51-18,,value-51-20,value-51-21,value-51-22,value-51-23,value-51-24,value-51-25,,value-51-27,value-51-28,value-51-29,value-51-30,value-51-31,value-51-32,,value-51-34,value-51-35,value-51-36,value-51-37,value-51-38,value-51-39,,value-51-41,value-51-42,value-51-43,value-51-44,value-51-45,value-51-46,,value-51-48,value-51-49,value-51-50,value-51-51,value-51-52,value-51-53,,value-51-55,value-51-56,value-51-57,value-51-58,value-51-59,value-51-60,,value-51-62,value-51-63,value-51-64,value-51-65,value-51-66,value-51-67,,value-51-69,value-51-70,value-51-71,value-51-72,value-51-73,value-51-74,,value-51-76,value-51-77,value-51-78,value-51-79,value-51-80,value-51-81,,value-51-83,value-51-84,value-51-85,value-51-86,value-51-87,value-51-88,,value-51-90,value-51-91,value-51-92,value-51-93,value-51-94,value-51-95,,value-51-97,value-51-98,value-51-99,value-51-100,value-51-101,value-51-102,,value-51-104,value-51-105,value-51-106,value-51-107,value-51-108,value-51-109,,value-51-111,value-51-112,value-51-113,value-51-114,value-51-115,value-51-116,,value-51-118,value-51-119,value-51-120,value-51-121,value-51-122,value-51-123,,value-51-125,value-51-126,value-51-127,value-51-128,value-51-129,value-51-130,,value-51-132,value-51-133,value-51-134,value-51-135,value-51-136,value-51-137,,value-51-139,value-51-140,value-51-141,value-51-142,value-51-143,value-51-144,,value-51-146,value-51-147,value-51-148,value-51-149,value-51-150,value-51-151,,value-51-153,value-51-154,value-51-155,value-51-156,value-51-157,value-51-158,,value-51-160,value-51-161,value-51-162,value-51-163,value-51-164,value-51-165,,value-51-167,value-51-168,value-51-169,value-51-170,value-51-171,value-51-172,,value-51-174,value-51-175,value-51-176,value-51-177,value-51-178,value-51-179,,value-51-181,value-51-182,value-51-183,value-51-184,value-51-185,value-51-186,,value-51-188,value-51-189,value-51-190,value-51-191,value-51-192,value-51-193,,value-51-195,value-51-196,value-51-197
00000053,Wide Company 52,wide52.example,value-52-1,value-52-2,value-52-3,,value-52-5,value-52-6,value-52-7,value-52-8,value-52-9,value-52-10,,value-52-12,value-52-13,value-52-14,value-52-15,value-52-16,value-52-17,,value-52-19,value-52-20,value-52-21,value-52-22,value-52-23,value-52-24,,value-52-26,value-52-27,value-52-28,value-52-29,value-52-30,value-52-31,,value-52-33,value-52-34,value-52-35,value-52-36,value-52-37,value-52-38,,value-52-40,value-52-41,value-52-42,value-52-43,value-52-44,value-52-45,,value-52-47,value-52-48,value-52-49,value-52-50,value-52-51,value-52-52,,value-52-54,value-52-55,value-52-56,value-52-57,value-52-58,value-52-59,,value-52-61,value-52-62,value-52-63,value-52-64,value-52-65,value-52-66,,value-52-68,value-52-69,value-52-70,value-52-71,value-52-72,value-52-73,,value-52-75,value-52-76,value-52-77,value-52-78,value-52-79,value-52-80,,value-52-82,value-52-83,value-52-84,value-52-85,value-52-86,value-52-87,,value-52-89,value-52-90,value-52-91,value-52-92,value-52-93,value-52-94,,value-52-96,value-52-97,value-52-98,value-52-99,value-52-100,value-52-101,,value-52-103,value-52-104,value-52-105,value-52-106,value-52-107,value-52-108,,value-52-110,value-52-111,value-52-112,value-52-113,value-52-114,value-52-115,,value-52-117,value-52-118,value-52-119,value-52-120,value-52-121,value-52-122,,value-52-124,value-52-125,value-52-126,value-52-127,value-52-128,value-52-129,,value-52-131,value-52-132,value-52-133,value-52-134,value-52-135,value-52-136,,value-52-138,value-52-139,value-52-140,value-52-141,value-52-142,value-52-143,,value-52-145,value-52-146,value-52-147,value-52-148,value-52-149,value-52-150,,value-52-152,value-52-153,value-52-154,value-52-155,value-52-156,value-52-157,,value-52-159,value-52-160,value-52-161,value-52-162,value-52-163,value-52-164,,value-52-166,value-52-167,value-52-168,value-52-169,value-52-170,value-52-171,,value-52-173,value-52-174,value-52-175,value-52-176,value-52-177,value-52-178,,value-52-180,value-52-181,value-52-182,value-52-183,value-52-184,value-52-185,,value-52-187,value-52-188,value-52-189,value-52-190,value-52-191,value-52-192,,value-52-194,value-52-195,value-52-196,value-52-197
00000054,Wide Company 53,wide53.example,value-53-1,value-53-2,,value-53-4,value-53-5,value-53-6,value-53-7,value-53-8,value-53-9,,value-53-11,value-53-12,value-53-13,value-53-14,value-53-15,value-53-16,,value-53-18,value-53-19,value-53-20,value-53-21,value-53-22,value-53-23,,value-53-25,value-53-26,value-53-27,value-53-28,value-53-29,value-53-30,,value-53-32,value-53-33,value-53-34,value-53-35,value-53-36,value-53-37,,value-53-39,value-53-40,value-53-41,value-53-42,value-53-43,value-53-44,,value-53-46,value-53-47,value-53-48,value-53-49,value-53-50,value-53-51,,value-53-53,value-53-54,value-53-55,value-53-56,value-53-57,value-53-58,,value-53-60,value-53-61,value-53-62,value-53-63,value-53-64,value-53-65,,value-53-67,value-53-68,value-53-69,value-53-70,value-53-71,value-53-72,,value-53-74,value-53-75,value-53-76,value-53-77,value-53-78,value-53-79,,value-53-81,value-53-82,value-53-83,value-53-84,value-53-85,value-53-86,,value-53-88,value-53-89,value-53-90,value-53-91,value-53-92,value-53-93,,value-53-95,value-53-96,value-53-97,value-53-98,value-53-99,value-53-100,,value-53-102,value-53-103,value-53-104,value-53-105,value-53-106,value-53-107,,value-53-109,value-53-110,value-53-111,value-53-112,value-53-113,value-53-114,,value-53-116,value-53-117,value-53-118,value-53-119,value-53-120,value-53-121,,value-53-123,value-53-124,value-53-125,value-53-126,value-53-127,value-53-128,,value-53-130,value-53-131,value-53-132,value-53-133,value-53-134,value-53-135,,value-53-137,value-53-138,value-53-139,value-53-140,value-53-141,value-53-142,,value-53-144,value-53-145,value-53-146,value-53-147,value-53-148,value-53-149,,value-53-151,value-53-152,value-53-153,value-53-154,value-53-155,value-53-156,,value-53-158,value-53-159,value-53-160,value-53-161,value-53-162,value-53-163,,value-53-165,value-53-166,value-53-167,value-53-168,value-53-169,value-53-170,,value-53-172,value-53-173,value-53-174,value-53-175,value-53-176,value-53-177,,value-53-179,value-53-180,value-53-181,value-53-182,value-53-183,value-53-184,,value-53-186,value-53-187,value-53-188,value-53-189,value-53-190,value-53-191,,value-53-193,value-53-194,value-53-195,value-53-196,value-53-197
00000055,Wide Company 54,wide54.example,value-54-1,,value-54-3,value-54-4,value-54-5,value-54-6,value-54-7,value-54-8,,value-54-10,value-54-11,value-54-12,value-54-13,value-54-14,value-54-15,,value-54-17,value-54-18,value-54-19,value-54-20,value-54-21,value-54-22,,value-54-24,value-54-25,value-54-26,value-54-27,value-54-28,value-54-29,,value-54-31,value-54-32,value-54-33,value-54-34,value-54-35,value-54-36,,value-54-38,value-54-39,value-54-40,value-54-41,value-54-42,value-54-43,,value-54-45,value-54-46,value-54-47,value-54-48,value-54-49,value-54-50,,value-54-52,value-54-53,value-54-54,value-54-55,value-54-56,value-54-57,,value-54-59,value-54-60,value-54-61,value-54-62,value-54-63,value-54-64,,value-54-66,value-54-67,value-54-68,value-54-69,value-54-70,value-54-71,,value-54-73,value-54-74,value-54-75,value-54-76,value-54-77,value-54-78,,value-54-80,value-54-81,value-54-82,value-54-83,value-54-84,value-54-85,,value-54-87,value-54-88,value-54-89,value-54-90,value-54-91,value-54-92,,value-54-94,value-54-95,value-54-96,value-54-97,value-54-98,value-54-99,,value-54-101,value-54-102,value-54-103,value-54-104,value-54-105,value-54-106,,value-54-108,value-54-109,value-54-110,value-54-111,value-54-112,value-54-113,,value-54-115,value-54-116,value-54-117,value-54-118,value-54-119,value-54-120,,value-54-122,value-54-123,value-54-124,value-54-125,value-54-126,value-54-127,,value-54-129,value-54-130,value-54-131,value-54-132,value-54-133,value-54-134,,value-54-136,value-54-137,value-54-138,value-54-139,value-54-140,value-54-141,,value-54-143,value-54-144,value-54-145,value-54-146,value-54-147,value-54-148,,value-54-150,value-54-151,value-54-152,value-54-153,value-54-154,value-54-155,,value-54-157,value-54-158,value-54-159,value-54-160,value-54-161,value-54-162,,value-54-164,value-54-165,value-54-166,value-54-167,value-54-168,value-54-169,,value-54-171,value-54-172,value-54-173,value-54-174,value-54-175,value-54-176,,value-54-178,value-54-179,value-54-180,value-54-181,value-54-182,value-54-183,,value-54-185,value-54-186,value-54-187,value-54-188,value-54-189,value-54-190,,value-54-192,value-54-193,value-54-194,value-54-195,value-54-196,value-54-197
00000056,Wide Company 55,wide55.example,,value-55-2,value-55-3,value-55-4,value-55-5,value-55-6,value-55-7,,value-55-9,value-55-10,value-55-11,value-55-12,value-55-13,value-55-14,,value-55-16,value-55-17,value-55-18,value-55-19,value-55-20,value-55-21,,value-55-23,value-55-24,value-55-25,value-55-26,value-55-27,value-55-28,,value-55-30,value-55-31,value-55-32,value-55-33,value-55-34,value-55-35,,value-55-37,value-55-38,value-55-39,value-55-40,value-55-41,value-55-42,,value-55-44,value-55-45,value-55-46,value-55-47,value-55-48,value-55-49,,value-55-51,value-55-52,value-55-53,value-55-54,value-55-55,value-55-56,,value-55-58,value-55-59,value-55-60,value-55-61,value-55-62,value-55-63,,value-55-65,value-55-66,value-55-67,value-55-68,value-55-69,value-55-70,,value-55-72,value-55-73,value-55-74,value-55-75,value-55-76,value-55-77,,value-55-79,value-55-80,value-55-81,value-55-82,value-55-83,value-55-84,,value-55-86,value-55-87,value-55-88,value-55-89,value-55-90,value-55-91,,value-55-93,value-55-94,value-55-95,value-55-96,value-55-97,value-55-98,,value-55-100,value-55-101,value-55-102,value-55-103,value-55-104,value-55-105,,value-55-107,value-55-108,value-55-109,value-55-110,value-55-111,value-55-112,,value-55-114,value-55-115,value-55-116,value-55-117,value-55-118,value-55-119,,value-55-121,value-55-122,value-55-123,value-55-124,value-55-125,value-55-126,,value-55-128,value-55-129,value-55-130,value-55-131,value-55-132,value-55-133,,value-55-135,value-55-136,value-55-137,value-55-138,value-55-139,value-55-140,,value-55-142,value-55-143,value-55-144,value-55-145,value-55-146,value-55-147,,value-55-149,value-55-150,value-55-151,value-55-152,value-55-153,value-55-154,,value-55-156,value-55-157,value-55-158,value-55-159,value-55-160,value-55-161,,value-55-163,value-55-164,value-55-165,value-55-166,value-55-167,value-55-168,,value-55-170,value-55-171,value-55-172,value-55-173,value-55-174,value-55-175,,value-55-177,value-55-178,value-55-179,value-55-180,value-55-181,value-55-182,,value-55-184,value-55-185,value-55-186,value-55-187,value-55-188,value-55-189,,value-55-191,value-55-192,value-55-193,value-55-194,value-55-195,value-55-196,
00000057,Wide Company 56,wide56.example,value-56-1,value-56-2,value-56-3,value-56-4,value-56-5,value-56-6,,value-56-8,value-56-9,value-56-10,value-56-11,value-56-12,value-56-13,,value-56-15,value-56-16,value-56-17,value-56-18,value-56-19,value-56-20,,value-56-22,value-56-23,value-56-24,value-56-25,value-56-26,value-56-27,,value-56-29,value-56-30,value-56-31,value-56-32,value-56-33,value-56-34,,value-56-36,value-56-37,value-56-38,value-56-39,value-56-40,value-56-41,,value-56-43,value-56-44,value-56-45,value-56-46,value-56-47,value-56-48,,value-56-50,value-56-51,value-56-52,value-56-53,value-56-54,value-56-55,,value-56-57,value-56-58,value-56-59,value-56-60,value-56-61,value-56-62,,value-56-64,value-56-65,value-56-66,value-56-67,value-56-68,value-56-69,,value-56-71,value-56-72,value-56-73,value-56-74,value-56-75,value-56-76,,value-56-78,value-56-79,value-56-80,value-56-81,value-56-82,value-56-83,,value-56-85,value-56-86,value-56-87,value-56-88,value-56-89,value-56-90,,value-56-92,value-56-93,value-56-94,value-56-95,value-56-96,value-56-97,,value-56-99,value-56-100,value-56-101,value-56-102,value-56-103,value-56-104,,value-56-106,value-56-107,value-56-108,value-56-109,value-56-110,value-56-111,,value-56-113,value-56-114,value-56-115,value-56-116,value-56-117,value-56-118,,value-56-120,value-56-121,value-56-122,value-56-123,value-56-124,value-56-125,,value-56-127,value-56-128,value-56-129,value-56-130,value-56-131,value-56-132,,value-56-134,value-56-135,value-56-136,value-56-137,value-56-138,value-56-139,,value-56-141,value-56-142,value-56-143,value-56-144,value-56-145,value-56-146,,value-56-148,value-56-149,value-56-150,value-56-151,value-56-152,value-56-153,,value-56-155,value-56-156,value-56-157,value-56-158,value-56-159,value-56-160,,value-56-162,value-56-163,value-56-164,value-56-165,value-56-166,value-56-167,,value-56-169,value-56-170,value-56-171,value-56-172,value-56-173,value-56-174,,value-56-176,value-56-177,value-56-178,value-56-179,value-56-180,value-56-181,,value-56-183,value-56-184,value-56-185,value-56-186,value-56-187,value-56-188,,value-56-190,value-56-191,value-56-192,value-56-193,value-56-194,value-56-195,,value-56-197
00000058,Wide Company 57,wide57.example,value-57-1,value-57-2,value-57-3,value-57-4,value-57-5,,value-57-7,value-57-8,value-57-9,value-57-10,value-57-11,value-57-12,,value-57-14,value-57-15,value-57-16,value-57-17,value-57-18,value-57-19,,value-57-21,value-57-22,value-57-23,value-57-24,value-57-25,value-57-26,,value-57-28,value-57-29,value-57-30,value-57-31,value-57-32,value-57-33,,value-57-35,value-57-36,value-57-37,value-57-38,value-57-39,value-57-40,,value-57-42,value-57-43,value-57-44,value-57-45,value-57-46,value-57-47,,value-57-49,value-57-50,value-57-51,value-57-52,value-57-53,value-57-54,,value-57-56,value-57-57,value-57-58,value-57-59,value-57-60,value-57-61,,value-57-63,value-57-64,value-57-65,value-57-66,value-57-67,value-57-68,,value-57-70,value-57-71,value-57-72,value-57-73,value-57-74,value-57-75,,value-57-77,value-57-78,value-57-79,value-57-80,value-57-81,value-57-82,,value-57-84,value-57-85,value-57-86,value-57-87,value-57-88,value-57-89,,value-57-91,value-57-92,value-57-93,value-57-94,value-57-95,value-57-96,,value-57-98,value-57-99,value-57-100,value-57-101,value-57-102,value-57-103,,value-57-105,value-57-106,value-57-107,value-57-108,value-57-109,value-57-110,,value-57-112,value-57-113,value-57-114,value-57-115,value-57-116,value-57-117,,value-57-119,value-57-120,value-57-121,value-57-122,value-57-123,value-57-124,,value-57-126,value-57-127,value-57-128,value-57-129,value-57-130,value-57-131,,value-57-133,value-57-134,value-57-135,value-57-136,value-57-137,value-57-138,,value-57-140,value-57-141,value-57-142,value-57-143,value-57-144,value-57-145,,value-57-147,value-57-148,value-57-149,value-57-150,value-57-151,value-57-152,,value-57-154,value-57-155,value-57-156,value-57-157,value-57-158,value-57-159,,value-57-161,value-57-162,value-57-163,value-57-164,value-57-165,value-57-166,,value-57-168,value-57-169,value-57-170,value-57-171,value-57-172,value-57-173,,value-57-175,value-57-176,value-57-177,value-57-178,value-57-179,value-57-180,,value-57-182,value-57-183,value-57-184,value-57-185,value-57-186,value-57-187,,value-57-189,value-57-190,value-57-191,value-57-192,value-57-193,value-57-194,,value-57-196,value-57-197
00000059,Wide Company 58,wide58.example,value-58-1,value-58-2,value-58-3,value-58-4,,value-58-6,value-58-7,value-58-8,value-58-9,value-58-10,value-58-11,,value-58-13,value-58-14,value-58-15,value-58-16,value-58-17,value-58-18,,value-58-20,value-58-21,value-58-22,value-58-23,value-58-24,value-58-25,,value-58-27,value-58-28,value-58-29,value-58-30,value-58-31,value-58-32,,value-58-34,value-58-35,value-58-36,value-58-37,value-58-38,value-58-39,,value-58-41,value-58-42,value-58-43,value-58-44,value-58-45,value-58-46,,value-58-48,value-58-49,value-58-50,value-58-51,value-58-52,value-58-53,,value-58-55,value-58-56,value-58-57,value-58-58,value-58-59,value-58-60,,value-58-62,value-58-63,value-58-64,value-58-65,value-58-66,value-58-67,,value-58-69,value-58-70,value-58-71,value-58-72,value-58-73,value-58-74,,value-58-76,value-58-77,value-58-78,value-58-79,value-58-80,value-58-81,,value-58-83,value-58-84,value-58-85,value-58-86,value-58-87,value-58-88,,value-58-90,value-58-91,value-58-92,value-58-93,value-58-94,value-58-95,,value-58-97,value-58-98,value-58-99,value-58-100,value-58-101,value-58-102,,value-58-104,value-58-105,value-58-106,value-58-107,value-58-108,value-58-109,,value-58-111,value-58-112,value-58-113,value-58-114,value-58-115,value-58-116,,value-58-118,value-58-119,value-58-120,value-58-121,value-58-122,value-58-123,,value-58-125,value-58-126,value-58-127,value-58-128,value-58-129,value-58-130,,value-58-132,value-58-133,value-58-134,value-58-135,value-58-136,value-58-137,,value-58-139,value-58-140,value-58-141,value-58-142,value-58-143,value-58-144,,value-58-146,value-58-147,value-58-148,value-58-149,value-58-150,value-58-151,,value-58-153,value-58-154,value-58-155,value-58-156,value-58-157,value-58-158,,value-58-160,value-58-161,value-58-162,value-58-163,value-58-164,value-58-165,,value-58-167,value-58-168,value-58-169,value-58-170,value-58-171,value-58-172,,value-58-174,value-58-175,value-58-176,value-58-177,value-58-178,value-58-179,,value-58-181,value-58-182,value-58-183,value-58-184,value-58-185,value-58-186,,value-58-188,value-58-189,value-58-190,value-58-191,value-58-192,value-58-193,,value-58-195,value-58-196,value-58-197
00000060,Wide Company 59,wide59.example,value-59-1,value-59-2,value-59-3,,value-59-5,value-59-6,value-59-7,value-59-8,value-59-9,value-59-10,,value-59-12,value-59-13,value-59-14,value-59-15,value-59-16,value-59-17,,value-59-19,value-59-20,value-59-21,value-59-22,value-59-23,value-59-24,,value-59-26,value-59-27,value-59-28,value-59-29,value-59-30,value-59-31,,value-59-33,value-59-34,value-59-35,value-59-36,value-59-37,value-59-38,,value-59-40,value-59-41,value-59-42,value-59-43,value-59-44,value-59-45,,value-59-47,value-59-48,value-59-49,value-59-50,value-59-51,value-59-52,,value-59-54,value-59-55,value-59-56,value-59-57,value-59-58,value-59-59,,value-59-61,value-59-62,value-59-63,value-59-64,value-59-65,value-59-66,,value-59-68,value-59-69,value-59-70,value-59-71,value-59-72,value-59-73,,value-59-75,value-59-76,value-59-77,value-59-78,value-59-79,value-59-80,,value-59-82,value-59-83,value-59-84,value-59-85,value-59-86,value-59-87,,value-59-89,value-59-90,value-59-91,value-59-92,value-59-93,value-59-94,,value-59-96,value-59-97,value-59-98,value-59-99,value-59-100,value-59-101,,value-59-103,value-59-104,value-59-105,value-59-106,value-59-107,value-59-108,,value-59-110,value-59-111,value-59-112,value-59-113,value-59-114,value-59-115,,value-59-117,value-59-118,value-59-119,value-59-120,value-59-121,value-59-122,,value-59-124,value-59-125,value-59-126,value-59-127,value-59-128,value-59-129,,value-59-131,value-59-132,value-59-133,value-59-134,value-59-135,value-59-136,,value-59-138,value-59-139,value-59-140,value-59-141,value-59-142,value-59-143,,value-59-145,value-59-146,value-59-147,value-59-148,value-59-149,value-59-150,,value-59-152,value-59-153,value-59-154,value-59-155,value-59-156,value-59-157,,value-59-159,value-59-160,value-59-161,value-59-162,value-59-163,value-59-164,,value-59-166,value-59-167,value-59-168,value-59-169,value-59-170,value-59-171,,value-59-173,value-59-174,value-59-175,value-59-176,value-59-177,value-59-178,,value-59-180,value-59-181,value-59-182,value-59-183,value-59-184,value-59-185,,value-59-187,value-59-188,value-59-189,value-59-190,value-59-191,value-59-192,,value-59-194,value-59-195,value-59-196,value-59-197
00000061,Wide Company 60,wide60.example,value-60-1,value-60-2,,value-60-4,value-60-5,value-60-6,value-60-7,value-60-8,value-60-9,,value-60-11,value-60-12,value-60-13,value-60-14,value-60-15,value-60-16,,value-60-18,value-60-19,value-60-20,value-60-21,value-60-22,value-60-23,,value-60-25,value-60-26,value-60-27,value-60-28,value-60-29,value-60-30,,value-60-32,value-60-33,value-60-34,value-60-35,value-60-36,value-60-37,,value-60-39,value-60-40,value-60-41,value-60-42,value-60-43,value-60-44,,value-60-46,value-60-47,value-60-48,value-60-49,value-60-50,value-60-51,,value-60-53,value-60-54,value-60-55,value-60-56,value-60-57,value-60-58,,value-60-60,value-60-61,value-60-62,value-60-63,value-60-64,value-60-65,,value-60-67,value-60-68,value-60-69,value-60-70,value-60-71,value-60-72,,value-60-74,value-60-75,value-60-76,value-60-77,value-60-78,value-60-79,,value-60-81,value-60-82,value-60-83,value-60-84,value-60-85,value-60-86,,value-60-88,value-60-89,value-60-90,value-60-91,value-60-92,value-60-93,,value-60-95,value-60-96,value-60-97,value-60-98,value-60-99,value-60-100,,value-60-102,value-60-103,value-60-104,value-60-105,value-60-106,value-60-107,,value-60-109,value-60-110,value-60-111,value-60-112,value-60-113,value-60-114,,value-60-116,value-60-117,value-60-118,value-60-119,value-60-120,value-60-121,,value-60-123,value-60-124,value-60-125,value-60-126,value-60-127,value-60-128,,value-60-130,value-60-131,value-60-132,value-60-133,value-60-134,value-60-135,,value-60-137,value-60-138,value-60-139,value-60-140,value-60-141,value-60-142,,value-60-144,value-60-145,value-60-146,value-60-147,value-60-148,value-60-149,,value-60-151,value-60-152,value-60-153,value-60-154,value-60-155,value-60-156,,value-60-158,value-60-159,value-60-160,value-60-161,value-60-162,value-60-163,,value-60-165,value-60-166,value-60-167,value-60-168,value-60-169,value-60-170,,value-60-172,value-60-173,value-60-174,value-60-175,value-60-176,value-60-177,,value-60-179,value-60-180,value-60-181,value-60-182,value-60-183,value-60-184,,value-60-186,value-60-187,value-60-188,value-60-189,value-60-190,value-60-191,,value-60-193,value-60-194,value-60-195,value-60-196,value-60-197
00000062,Wide Company 61,wide61.example,value-61-1,,value-61-3,value-61-4,value-61-5,value-61-6,value-61-7,value-61-8,,value-61-10,value-61-11,value-61-12,value-61-13,value-61-14,value-61-15,,value-61-17,value-61-18,value-61-19,value-61-20,value-61-21,value-61-22,,value-61-24,value-61-25,value-61-26,value-61-27,value-61-28,value-61-29,,value-61-31,value-61-32,value-61-33,value-61-34,value-61-35,value-61-36,,value-61-38,value-61-39,value-61-40,value-61-41,value-61-42,value-61-43,,value-61-45,value-61-46,value-61-47,value-61-48,value-61-49,value-61-50,,value-61-52,value-61-53,value-61-54,value-61-55,value-61-56,value-61-57,,value-61-59,value-61-60,value-61-61,value-61-62,value-61-63,value-61-64,,value-61-66,value-61-67,value-61-68,value-61-69,value-61-70,value-61-71,,value-61-73,value-61-74,value-61-75,value-61-76,value-61-77,value-61-78,,value-61-80,value-61-81,value-61-82,value-61-83,value-61-84,value-61-85,,value-61-87,value-61-88,value-61-89,value-61-90,value-61-91,value-61-92,,value-61-94,value-61-95,value-61-96,value-61-97,value-61-98,value-61-99,,value-61-101,value-61-102,value-61-103,value-61-104,value-61-105,value-61-106,,value-61-108,value-61-109,value-61-110,value-61-111,value-61-112,value-61-113,,value-61-115,value-61-116,value-61-117,value-61-118,value-61-119,value-61-120,,value-61-122,value-61-123,value-61-124,value-61-125,value-61-126,value-61-127,,value-61-129,value-61-130,value-61-131,value-61-132,value-61-133,value-61-134,,value-61-136,value-61-137,value-61-138,value-61-139,value-61-140,value-61-141,,value-61-143,value-61-144,value-61-145,value-61-146,value-61-147,value-61-148,,value-61-150,value-61-151,value-61-152,value-61-153,value-61-154,value-61-155,,value-61-157,value-61-158,value-61-159,value-61-160,value-61-161,value-61-162,,value-61-164,value-61-165,value-61-166,value-61-167,value-61-168,value-61-169,,value-61-171,value-61-172,value-61-173,value-61-174,value-61-175,value-61-176,,value-61-178,value-61-179,value-61-180,value-61-181,value-61-182,value-61-183,,value-61-185,value-61-186,value-61-187,value-61-188,value-61-189,value-61-190,,value-61-192,value-61-193,value-61-194,value-61-195,value-61-196,value-61-197
00000063,Wide Company 62,wide62.example,,value-62-2,value-62-3,value-62-4,value-62-5,value-62-6,value-62-7,,value-62-9,value-62-10,value-62-11,value-62-12,value-62-13,value-62-14,,value-62-16,value-62-17,value-62-18,value-62-19,value-62-20,value-62-21,,value-62-23,value-62-24,value-62-25,value-62-26,value-62-27,value-62-28,,value-62-30,value-62-31,value-62-32,value-62-33,value-62-34,value-62-35,,value-62-37,value-62-38,value-62-39,value-62-40,value-62-41,value-62-42,,value-62-44,value-62-45,value-62-46,value-62-47,value-62-48,value-62-49,,value-62-51,value-62-52,value-62-53,value-62-54,value-62-55,value-62-56,,value-62-58,value-62-59,value-62-60,value-62-61,value-62-62,value-62-63,,value-62-65,value-62-66,value-62-67,value-62-68,value-62-69,value-62-70,,value-62-72,value-62-73,value-62-74,value-62-75,value-62-76,value-62-77,,value-62-79,value-62-80,value-62-81,value-62-82,value-62-83,value-62-84,,value-62-86,value-62-87,value-62-88,value-62-89,value-62-90,value-62-91,,value-62-93,value-62-94,value-62-95,value-62-96,value-62-97,value-62-98,,value-62-100,value-62-101,value-62-102,value-62-103,value-62-104,value-62-105,,value-62-107,value-62-108,value-62-109,value-62-110,value-62-111,value-62-112,,value-62-114,value-62-115,value-62-116,value-62-117,value-62-118,value-62-119,,value-62-121,value-62-122,value-62-123,value-62-124,value-62-125,value-62-126,,value-62-128,value-62-129,value-62-130,value-62-131,value-62-132,value-62-133,,value-62-135,value-62-136,value-62-137,value-62-138,value-62-139,value-62-140,,value-62-142,value-62-143,value-62-144,value-62-145,value-62-146,value-62-147,,value-62-149,value-62-150,value-62-151,value-62-152,value-62-153,value-62-154,,value-62-156,value-62-157,value-62-158,value-62-159,value-62-160,value-62-161,,value-62-163,value-62-164,value-62-165,value-62-166,value-62-167,value-62-168,,value-62-170,value-62-171,value-62-172,value-62-173,value-62-174,value-62-175,,value-62-177,value-62-178,value-62-179,value-62-180,value-62-181,value-62-182,,value-62-184,value-62-185,value-62-186,value-62-187,value-62-188,value-62-189,,value-62-191,value-62-192,value-62-193,value-62-194,value-62-195,value-62-196,
00000064,Wide Company 63,wide63.example,value-63-1,value-63-2,value-63-3,value-63-4,value-63-5,value-63-6,,value-63-8,value-63-9,value-63-10,value-63-11,value-63-12,value-63-13,,value-63-15,value-63-16,value-63-17,value-63-18,value-63-19,value-63-20,,value-63-22,value-63-23,value-63-24,value-63-25,value-63-26,value-63-27,,value-63-29,value-63-30,value-63-31,value-63-32,value-63-33,value-63-34,,value-63-36,value-63-37,value-63-38,value-63-39,value-63-40,value-63-41,,value-63-43,value-63-44,value-63-45,value-63-46,value-63-47,value-63-48,,value-63-50,value-63-51,value-63-52,value-63-53,value-63-54,value-63-55,,value-63-57,value-63-58,value-63-59,value-63-60,value-63-61,value-63-62,,value-63-64,value-63-65,value-63-66,value-63-67,value-63-68,value-63-69,,value-63-71,value-63-72,value-63-73,value-63-74,value-63-75,value-63-76,,value-63-78,value-63-79,value-63-80,value-63-81,value-63-82,value-63-83,,value-63-85,value-63-86,value-63-87,value-63-88,value-63-89,value-63-90,,value-63-92,value-63-93,value-63-94,value-63-95,value-63-96,value-63-97,,value-63-99,value-63-100,value-63-101,value-63-102,value-63-103,value-63-104,,value-63-106,value-63-107,value-63-108,value-63-109,value-63-110,value-63-111,,value-63-113,value-63-114,value-63-115,value-63-116,value-63-117,value-63-118,,value-63-120,value-63-121,value-63-122,value-63-123,value-63-124,value-63-125,,value-63-127,value-63-128,value-63-129,value-63-130,value-63-131,value-63-132,,value-63-134,value-63-135,value-63-136,value-63-137,value-63-138,value-63-139,,value-63-141,value-63-142,value-63-143,value-63-144,value-63-145,value-63-146,,value-63-148,value-63-149,value-63-150,value-63-151,value-63-152,value-63-153,,value-63-155,value-63-156,value-63-157,value-63-158,value-63-159,value-63-160,,value-63-162,value-63-163,value-63-164,value-63-165,value-63-166,value-63-167,,value-63-169,value-63-170,value-63-171,value-63-172,value-63-173,value-63-174,,value-63-176,value-63-177,value-63-178,value-63-179,value-63-180,value-63-181,,value-63-183,value-63-184,value-63-185,value-63-186,value-63-187,value-63-188,,value-63-190,value-63-191,value-63-192,value-63-193,value-63-194,value-63-195,,value-63-197
00000065,Wide Company 64,wide64.example,value-64-1,value-64-2,value-64-3,value-64-4,value-64-5,,value-64-7,value-64-8,value-64-9,value-64-10,value-64-11,value-64-12,,value-64-14,value-64-15,value-64-16,value-64-17,value-64-18,value-64-19,,value-64-21,value-64-22,value-64-23,value-64-24,value-64-25,value-64-26,,value-64-28,value-64-29,value-64-30,value-64-31,value-64-32,value-64-33,,value-64-35,value-64-36,value-64-37,value-64-38,value-64-39,value-64-40,,value-64-42,value-64-43,value-64-44,value-64-45,value-64-46,value-64-47,,value-64-49,value-64-50,value-64-51,value-64-52,value-64-53,value-64-54,,value-64-56,value-64-57,value-64-58,value-64-59,value-64-60,value-64-61,,value-64-63,value-64-64,value-64-65,value-64-66,value-64-67,value-64-68,,value-64-70,value-64-71,value-64-72,value-64-73,value-64-74,value-64-75,,value-64-77,value-64-78,value-64-79,value-64-80,value-64-81,value-64-82,,value-64-84,value-64-85,value-64-86,value-64-87,value-64-88,value-64-89,,value-64-91,value-64-92,value-64-93,value-64-94,value-64-95,value-64-96,,value-64-98,value-64-99,value-64-100,value-64-101,value-64-102,value-64-103,,value-64-105,value-64-106,value-64-107,value-64-108,value-64-109,value-64-110,,value-64-112,value-64-113,value-64-114,value-64-115,value-64-116,value-64-117,,value-64-119,value-64-120,value-64-121,value-64-122,value-64-123,value-64-124,,value-64-126,value-64-127,value-64-128,value-64-129,value-64-130,value-64-131,,value-64-133,value-64-134,value-64-135,value-64-136,value-64-137,value-64-138,,value-64-140,value-64-141,value-64-142,value-64-143,value-64-144,value-64-145,,value-64-147,value-64-148,value-64-149,value-64-150,value-64-151,value-64-152,,value-64-154,value-64-155,value-64-156,value-64-157,value-64-158,value-64-159,,value-64-161,value-64-162,value-64-163,value-64-164,value-64-165,value-64-166,,value-64-168,value-64-169,value-64-170,value-64-171,value-64-172,value-64-173,,value-64-175,value-64-176,value-64-177,value-64-178,value-64-179,value-64-180,,value-64-182,value-64-183,value-64-184,value-64-185,value-64-186,value-64-187,,value-64-189,value-64-190,value-64-191,value-64-192,value-64-193,value-64-194,,value-64-196,value-64-197
00000066,Wide Company 65,wide65.example,value-65-1,value-65-2,value-65-3,value-65-4,,value-65-6,value-65-7,value-65-8,value-65-9,value-65-10,value-65-11,,value-65-13,value-65-14,value-65-15,value-65-16,value-65-17,value-65-18,,value-65-20,value-65-21,value-65-22,value-65-23,value-65-24,value-65-25,,value-65-27,value-65-28,value-65-29,value-65-30,value-65-31,value-65-32,,value-65-34,value-65-35,value-65-36,value-65-37,value-65-38,value-65-39,,value-65-41,value-65-42,value-65-43,value-65-44,value-65-45,value-65-46,,value-65-48,value-65-49,value-65-50,value-65-51,value-65-52,value-65-53,,value-65-55,value-65-56,value-65-57,value-65-58,value-65-59,value-65-60,,value-65-62,value-65-63,value-65-64,value-65-65,value-65-66,value-65-67,,value-65-69,value-65-70,value-65-71,value-65-72,value-65-73,value-65-74,,value-65-76,value-65-77,value-65-78,value-65-79,value-65-80,value-65-81,,value-65-83,value-65-84,value-65-85,value-65-86,value-65-87,value-65-88,,value-65-90,value-65-91,value-65-92,value-65-93,value-65-94,value-65-95,,value-65-97,value-65-98,value-65-99,value-65-100,value-65-101,value-65-102,,value-65-104,value-65-105,value-65-106,value-65-107,value-65-108,value-65-109,,value-65-111,value-65-112,value-65-113,value-65-114,value-65-115,value-65-116,,value-65-118,value-65-119,value-65-120,value-65-121,value-65-122,value-65-123,,value-65-125,value-65-126,value-65-127,value-65-128,value-65-129,value-65-130,,value-65-132,value-65-133,value-65-134,value-65-135,value-65-136,value-65-137,,value-65-139,value-65-140,value-65-141,value-65-142,value-65-143,value-65-144,,value-65-146,value-65-147,value-65-148,value-65-149,value-65-150,value-65-151,,value-65-153,value-65-154,value-65-155,value-65-156,value-65-157,value-65-158,,value-65-160,value-65-161,value-65-162,value-65-163,value-65-164,value-65-165,,value-65-167,value-65-168,value-65-169,value-65-170,value-65-171,value-65-172,,value-65-174,value-65-175,value-65-176,value-65-177,value-65-178,value-65-179,,value-65-181,value-65-182,value-65-183,value-65-184,value-65-185,value-65-186,,value-65-188,value-65-189,value-65-190,value-65-191,value-65-192,value-65-193,,value-65-195,value-65-196,value-65-197
00000067,Wide Company 66,wide66.example,value-66-1,value-66-2,value-66-3,,value-66-5,value-66-6,value-66-7,value-66-8,value-66-9,value-66-10,,value-66-12,value-66-13,value-66-14,value-66-15,value-66-16,value-66-17,,value-66-19,value-66-20,value-66-21,value-66-22,value-66-23,value-66-24,,value-66-26,value-66-27,value-66-28,value-66-29,value-66-30,value-66-31,,value-66-33,value-66-34,value-66-35,value-66-36,value-66-37,value-66-38,,value-66-40,value-66-41,value-66-42,value-66-43,value-66-44,value-66-45,,value-66-47,value-66-48,value-66-49,value-66-50,value-66-51,value-66-52,,value-66-54,value-66-55,value-66-56,value-66-57,value-66-58,value-66-59,,value-66-61,value-66-62,value-66-63,value-66-64,value-66-65,value-66-66,,value-66-68,value-66-69,value-66-70,value-66-71,value-66-72,value-66-73,,value-66-75,value-66-76,value-66-77,value-66-78,value-66-79,value-66-80,,value-66-82,value-66-83,value-66-84,value-66-85,value-66-86,value-66-87,,value-66-89,value-66-90,value-66-91,value-66-92,value-66-93,value-66-94,,value-66-96,value-66-97,value-66-98,value-66-99,value-66-100,value-66-101,,value-66-103,value-66-104,value-66-105,value-66-106,value-66-107,value-66-108,,value-66-110,value-66-111,value-66-112,value-66-113,value-66-114,value-66-115,,value-66-117,value-66-118,value-66-119,value-66-120,value-66-121,value-66-122,,value-66-124,value-66-125,value-66-126,value-66-127,value-66-128,value-66-129,,value-66-131,value-66-132,value-66-133,value-66-134,value-66-135,value-66-136,,value-66-138,value-66-139,value-66-140,value-66-141,value-66-142,value-66-143,,value-66-145,value-66-146,value-66-147,value-66-148,value-66-149,value-66-150,,value-66-152,value-66-153,value-66-154,value-66-155,value-66-156,value-66-157,,value-66-159,value-66-160,value-66-161,value-66-162,value-66-163,value-66-164,,value-66-166,value-66-167,value-66-168,value-66-169,value-66-170,value-66-171,,value-66-173,value-66-174,value-66-175,value-66-176,value-66-177,value-66-178,,value-66-180,value-66-181,value-66-182,value-66-183,value-66-184,value-66-185,,value-66-187,value-66-188,value-66-189,value-66-190,value-66-191,value-66-192,,value-66-194,value-66-195,value-66-196,value-66-197
00000068,Wide Company 67,wide67.example,value-67-1,value-67-2,,value-67-4,value-67-5,value-67-6,value-67-7,value-67-8,value-67-9,,value-67-11,value-67-12,value-67-13,value-67-14,value-67-15,value-67-16,,value-67-18,value-67-19,value-67-20,value-67-21,value-67-22,value-67-23,,value-67-25,value-67-26,value-67-27,value-67-28,value-67-29,value-67-30,,value-67-32,value-67-33,value-67-34,value-67-35,value-67-36,value-67-37,,value-67-39,value-67-40,value-67-41,value-67-42,value-67-43,value-67-44,,value-67-46,value-67-47,value-67-48,value-67-49,value-67-50,value-67-51,,value-67-53,value-67-54,value-67-55,value-67-56,value-67-57,value-67-58,,value-67-60,value-67-61,value-67-62,value-67-63,value-67-64,value-67-65,,value-67-67,value-67-68,value-67-69,value-67-70,value-67-71,value-67-72,,value-67-74,value-67-75,value-67-76,value-67-77,value-67-78,value-67-79,,value-67-81,value-67-82,value-67-83,value-67-84,value-67-85,value-67-86,,value-67-88,value-67-89,value-67-90,value-67-91,value-67-92,value-67-93,,value-67-95,value-67-96,value-67-97,value-67-98,value-67-99,value-67-100,,value-67-102,value-67-103,value-67-104,value-67-105,value-67-106,value-67-107,,value-67-109,value-67-110,value-67-111,value-67-112,value-67-113,value-67-114,,value-67-116,value-67-117,value-67-118,value-67-119,value-67-120,value-67-121,,value-67-123,value-67-124,value-67-125,value-67-126,value-67-127,value-67-128,,value-67-130,value-67-131,value-67-132,value-67-133,value-67-134,value-67-135,,value-67-137,value-67-138,value-67-139,value-67-140,value-67-141,value-67-142,,value-67-144,value-67-145,value-67-146,value-67-147,value-67-148,value-67-149,,value-67-151,value-67-152,value-67-153,value-67-154,value-67-155,value-67-156,,value-67-158,value-67-159,value-67-160,value-67-161,value-67-162,value-67-163,,value-67-165,value-67-166,value-67-167,value-67-168,value-67-169,value-67-170,,value-67-172,value-67-173,value-67-174,value-67-175,value-67-176,value-67-177,,value-67-179,value-67-180,value-67-181,value-67-182,value-67-183,value-67-184,,value-67-186,value-67-187,value-67-188,value-67-189,value-67-190,value-67-191,,value-67-193,value-67-194,value-67-195,value-67-196,value-67-197
00000069,Wide Company 68,wide68.example,value-68-1,,value-68-3,value-68-4,value-68-5,value-68-6,value-68-7,value-68-8,,value-68-10,value-68-11,value-68-12,value-68-13,value-68-14,value-68-15,,value-68-17,value-68-18,value-68-19,value-68-20,value-68-21,value-68-22,,value-68-24,value-68-25,value-68-26,value-68-27,value-68-28,value-68-29,,value-68-31,value-68-32,value-68-33,value-68-34,value-68-35,value-68-36,,value-68-38,value-68-39,value-68-40,value-68-41,value-68-42,value-68-43,,value-68-45,value-68-46,value-68-47,value-68-48,value-68-49,value-68-50,,value-68-52,value-68-53,value-68-54,value-68-55,value-68-56,value-68-57,,value-68-59,value-68-60,value-68-61,value-68-62,value-68-63,value-68-64,,value-68-66,value-68-67,value-68-68,value-68-69,value-68-70,value-68-71,,value-68-73,value-68-74,value-68-75,value-68-76,value-68-77,value-68-78,,value-68-80,value-68-81,value-68-82,value-68-83,value-68-84,value-68-85,,value-68-87,value-68-88,value-68-89,value-68-90,value-68-91,value-68-92,,value-68-94,value-68-95,value-68-96,value-68-97,value-68-98,value-68-99,,value-68-101,value-68-102,value-68-103,value-68-104,value-68-105,value-68-106,,value-68-108,value-68-109,value-68-110,value-68-111,value-68-112,value-68-113,,value-68-115,value-68-116,value-68-117,value-68-118,value-68-119,value-68-120,,value-68-122,value-68-123,value-68-124,value-68-125,value-68-126,value-68-127,,value-68-129,value-68-130,value-68-131,value-68-132,value-68-133,value-68-134,,value-68-136,value-68-137,value-68-138,value-68-139,value-68-140,value-68-141,,value-68-143,value-68-144,value-68-145,value-68-146,value-68-147,value-68-148,,value-68-150,value-68-151,value-68-152,value-68-153,value-68-154,value-68-155,,value-68-157,value-68-158,value-68-159,value-68-160,value-68-161,value-68-162,,value-68-164,value-68-165,value-68-166,value-68-167,value-68-168,value-68-169,,value-68-171,value-68-172,value-68-173,value-68-174,value-68-175,value-68-176,,value-68-178,value-68-179,value-68-180,value-68-181,value-68-182,value-68-183,,value-68-185,value-68-186,value-68-187,value-68-188,value-68-189,value-68-190,,value-68-192,value-68-193,value-68-194,value-68-195,value-68-196,value-68-197
00000070,Wide Company 69,wide69.example,,value-69-2,value-69-3,value-69-4,value-69-5,value-69-6,value-69-7,,value-69-9,value-69-10,value-69-11,value-69-12,value-69-13,value-69-14,,value-69-16,value-69-17,value-69-18,value-69-19,value-69-20,value-69-21,,value-69-23,value-69-24,value-69-25,value-69-26,value-69-27,value-69-28,,value-69-30,value-69-31,value-69-32,value-69-33,value-69-34,value-69-35,,value-69-37,value-69-38,value-69-39,value-69-40,value-69-41,value-69-42,,value-69-44,value-69-45,value-69-46,value-69-47,value-69-48,value-69-49,,value-69-51,value-69-52,value-69-53,value-69-54,value-69-55,value-69-56,,value-69-58,value-69-59,value-69-60,value-69-61,value-69-62,value-69-63,,value-69-65,value-69-66,value-69-67,value-69-68,value-69-69,value-69-70,,value-69-72,value-69-73,value-69-74,value-69-75,value-69-76,value-69-77,,value-69-79,value-69-80,value-69-81,value-69-82,value-69-83,value-69-84,,value-69-86,value-69-87,value-69-88,value-69-89,value-69-90,value-69-91,,value-69-93,value-69-94,value-69-95,value-69-96,value-69-97,value-69-98,,value-69-100,value-69-101,value-69-102,value-69-103,value-69-104,value-69-105,,value-69-107,value-69-108,value-69-109,value-69-110,value-69-111,value-69-112,,value-69-114,value-69-115,value-69-116,value-69-117,value-69-118,value-69-119,,value-69-121,value-69-122,value-69-123,value-69-124,value-69-125,value-69-126,,value-69-128,value-69-129,value-69-130,value-69-131,value-69-132,value-69-133,,value-69-135,value-69-136,value-69-137,value-69-138,value-69-139,value-69-140,,value-69-142,value-69-143,value-69-144,value-69-145,value-69-146,value-69-147,,value-69-149,value-69-150,value-69-151,value-69-152,value-69-153,value-69-154,,value-69-156,value-69-157,value-69-158,value-69-159,value-69-160,value-69-161,,value-69-163,value-69-164,value-69-165,value-69-166,value-69-167,value-69-168,,value-69-170,value-69-171,value-69-172,value-69-173,value-69-174,value-69-175,,value-69-177,value-69-178,value-69-179,value-69-180,value-69-181,value-69-182,,value-69-184,value-69-185,value-69-186,value-69-187,value-69-188,value-69-189,,value-69-191,value-69-192,value-69-193,value-69-194,value-69-195,value-69-196,
00000071,Wide Company 70,wide70.example,value-70-1,value-70-2,value-70-3,value-70-4,value-70-5,value-70-6,,value-70-8,value-70-9,value-70-10,value-70-11,value-70-12,value-70-13,,value-70-15,value-70-16,value-70-17,value-70-18,value-70-19,value-70-20,,value-70-22,value-70-23,value-70-24,value-70-25,value-70-26,value-70-27,,value-70-29,value-70-30,value-70-31,value-70-32,value-70-33,value-70-34,,value-70-36,value-70-37,value-70-38,value-70-39,value-70-40,value-70-41,,value-70-43,value-70-44,value-70-45,value-70-46,value-70-47,value-70-48,,value-70-50,value-70-51,value-70-52,value-70-53,value-70-54,value-70-55,,value-70-57,value-70-58,value-70-59,value-70-60,value-70-61,value-70-62,,value-70-64,value-70-65,value-70-66,value-70-67,value-70-68,value-70-69,,value-70-71,value-70-72,value-70-73,value-70-74,value-70-75,value-70-76,,value-70-78,value-70-79,value-70-80,value-70-81,value-70-82,value-70-83,,value-70-85,value-70-86,value-70-87,value-70-88,value-70-89,value-70-90,,value-70-92,value-70-93,value-70-94,value-70-95,value-70-96,value-70-97,,value-70-99,value-70-100,value-70-101,value-70-102,value-70-103,value-70-104,,value-70-106,value-70-107,value-70-108,value-70-109,value-70-110,value-70-111,,value-70-113,value-70-114,value-70-115,value-70-116,value-70-117,value-70-118,,value-70-120,value-70-121,value-70-122,value-70-123,value-70-124,value-70-125,,value-70-127,value-70-128,value-70-129,value-70-130,value-70-131,value-70-132,,value-70-134,value-70-135,value-70-136,value-70-137,value-70-138,value-70-139,,value-70-141,value-70-142,value-70-143,value-70-144,value-70-145,value-70-146,,value-70-148,value-70-149,value-70-150,value-70-151,value-70-152,value-70-153,,value-70-155,value-70-156,value-70-157,value-70-158,value-70-159,value-70-160,,value-70-162,value-70-163,value-70-164,value-70-165,value-70-166,value-70-167,,value-70-169,value-70-170,value-70-171,value-70-172,value-70-173,value-70-174,,value-70-176,value-70-177,value-70-178,value-70-179,value-70-180,value-70-181,,value-70-183,value-70-184,value-70-185,value-70-186,value-70-187,value-70-188,,value-70-190,value-70-191,value-70-192,value-70-193,value-70-194,value-70-195,,value-70-197
00000072,Wide Company 71,wide71.example,value-71-1,value-71-2,value-71-3,value-71-4,value-71-5,,value-71-7,value-71-8,value-71-9,value-71-10,value-71-11,value-71-12,,value-71-14,value-71-15,value-71-16,value-71-17,value-71-18,value-71-19,,value-71-21,value-71-22,value-71-23,value-71-24,value-71-25,value-71-26,,value-71-28,value-71-29,value-71-30,value-71-31,value-71-32,value-71-33,,value-71-35,value-71-36,value-71-37,value-71-38,value-71-39,value-71-40,,value-71-42,value-71-43,value-71-44,value-71-45,value-71-46,value-71-47,,value-71-49,value-71-50,value-71-51,value-71-52,value-71-53,value-71-54,,value-71-56,value-71-57,value-71-58,value-71-59,value-71-60,value-71-61,,value-71-63,value-71-64,value-71-65,value-71-66,value-71-67,value-71-68,,value-71-70,value-71-71,value-71-72,value-71-73,value-71-74,value-71-75,,value-71-77,value-71-78,value-71-79,value-71-80,value-71-81,value-71-82,,value-71-84,value-71-85,value-71-86,value-71-87,value-71-88,value-71-89,,value-71-91,value-71-92,value-71-93,value-71-94,value-71-95,value-71-96,,value-71-98,value-71-99,value-71-100,value-71-101,value-71-102,value-71-103,,value-71-105,value-71-106,value-71-107,value-71-108,value-71-109,value-71-110,,value-71-112,value-71-113,value-71-114,value-71-115,value-71-116,value-71-117,,value-71-119,value-71-120,value-71-121,value-71-122,value-71-123,value-71-124,,value-71-126,value-71-127,value-71-128,value-71-129,value-71-130,value-71-131,,value-71-133,value-71-134,value-71-135,value-71-136,value-71-137,value-71-138,,value-71-140,value-71-141,value-71-142,value-71-143,value-71-144,value-71-145,,value-71-147,value-71-148,value-71-149,value-71-150,value-71-151,value-71-152,,value-71-154,value-71-155,value-71-156,value-71-157,value-71-158,value-71-159,,value-71-161,value-71-162,value-71-163,value-71-164,value-71-165,value-71-166,,value-71-168,value-71-169,value-71-170,value-71-171,value-71-172,value-71-173,,value-71-175,value-71-176,value-71-177,value-71-178,value-71-179,value-71-180,,value-71-182,value-71-183,value-71-184,value-71-185,value-71-186,value-71-187,,value-71-189,value-71-190,value-71-191,value-71-192,value-71-193,value-71-194,,value-71-196,value-71-197
00000073,Wide Company 72,wide72.example,value-72-1,value-72-2,value-72-3,value-72-4,,value-72-6,value-72-7,value-72-8,value-72-9,value-72-10,value-72-11,,value-72-13,value-72-14,value-72-15,value-72-16,value-72-17,value-72-18,,value-72-20,value-72-21,value-72-22,value-72-23,value-72-24,value-72-25,,value-72-27,value-72-28,value-72-29,value-72-30,value-72-31,value-72-32,,value-72-34,value-72-35,value-72-36,value-72-37,value-72-38,value-72-39,,value-72-41,value-72-42,value-72-43,value-72-44,value-72-45,value-72-46,,value-72-48,value-72-49,value-72-50,value-72-51,value-72-52,value-72-53,,value-72-55,value-72-56,value-72-57,value-72-58,value-72-59,value-72-60,,value-72-62,value-72-63,value-72-64,value-72-65,value-72-66,value-72-67,,value-72-69,value-72-70,value-72-71,value-72-72,value-72-73,value-72-74,,value-72-76,value-72-77,value-72-78,value-72-79,value-72-80,value-72-81,,value-72-83,value-72-84,value-72-85,value-72-86,value-72-87,value-72-88,,value-72-90,value-72-91,value-72-92,value-72-93,value-72-94,value-72-95,,value-72-97,value-72-98,value-72-99,value-72-100,value-72-101,value-72-102,,value-72-104,value-72-105,value-72-106,value-72-107,value-72-108,value-72-109,,value-72-111,value-72-112,value-72-113,value-72-114,value-72-115,value-72-116,,value-72-118,value-72-119,value-72-120,value-72-121,value-72-122,value-72-123,,value-72-125,value-72-126,value-72-127,value-72-128,value-72-129,value-72-130,,value-72-132,value-72-133,value-72-134,value-72-135,value-72-136,value-72-137,,value-72-139,value-72-140,value-72-141,value-72-142,value-72-143,value-72-144,,value-72-146,value-72-147,value-72-148,value-72-149,value-72-150,value-72-151,,value-72-153,value-72-154,value-72-155,value-72-156,value-72-157,value-72-158,,value-72-160,value-72-161,value-72-162,value-72-163,value-72-164,value-72-165,,value-72-167,value-72-168,value-72-169,value-72-170,value-72-171,value-72-172,,value-72-174,value-72-175,value-72-176,value-72-177,value-72-178,value-72-179,,value-72-181,value-72-182,value-72-183,value-72-184,value-72-185,value-72-186,,value-72-188,value-72-189,value-72-190,value-72-191,value-72-192,value-72-193,,value-72-195,value-72-196,value-72-197
00000074,Wide Company 73,wide73.example,value-73-1,value-73-2,value-73-3,,value-73-5,value-73-6,value-73-7,value-73-8,value-73-9,value-73-10,,value-73-12,value-73-13,value-73-14,value-73-15,value-73-16,value-73-17,,value-73-19,value-73-20,value-73-21,value-73-22,value-73-23,value-73-24,,value-73-26,value-73-27,value-73-28,value-73-29,value-73-30,value-73-31,,value-73-33,value-73-34,value-73-35,value-73-36,value-73-37,value-73-38,,value-73-40,value-73-41,value-73-42,value-73-43,value-73-44,value-73-45,,value-73-47,value-73-48,value-73-49,value-73-50,value-73-51,value-73-52,,value-73-54,value-73-55,value-73-56,value-73-57,value-73-58,value-73-59,,value-73-61,value-73-62,value-73-63,value-73-64,value-73-65,value-73-66,,value-73-68,value-73-69,value-73-70,value-73-71,value-73-72,value-73-73,,value-73-75,value-73-76,value-73-77,value-73-78,value-73-79,value-73-80,,value-73-82,value-73-83,value-73-84,value-73-85,value-73-86,value-73-87,,value-73-89,value-73-90,value-73-91,value-73-92,value-73-93,value-73-94,,value-73-96,value-73-97,value-73-98,value-73-99,value-73-100,value-73-101,,value-73-103,value-73-104,value-73-105,value-73-106,value-73-107,value-73-108,,value-73-110,value-73-111,value-73-112,value-73-113,value-73-114,value-73-115,,value-73-117,value-73-118,value-73-119,value-73-120,value-73-121,value-73-122,,value-73-124,value-73-125,value-73-126,value-73-127,value-73-128,value-73-129,,value-73-131,value-73-132,value-73-133,value-73-134,value-73-135,value-73-136,,value-73-138,value-73-139,value-73-140,value-73-141,value-73-142,value-73-143,,value-73-145,value-73-146,value-73-147,value-73-148,value-73-149,value-73-150,,value-73-152,value-73-153,value-73-154,value-73-155,value-73-156,value-73-157,,value-73-159,value-73-160,value-73-161,value-73-162,value-73-163,value-73-164,,value-73-166,value-73-167,value-73-168,value-73-169,value-73-170,value-73-171,,value-73-173,value-73-174,value-73-175,value-73-176,value-73-177,value-73-178,,value-73-180,value-73-181,value-73-182,value-73-183,value-73-184,value-73-185,,value-73-187,value-73-188,value-73-189,value-73-190,value-73-191,value-73-192,,value-73-194,value-73-195,value-73-196,value-73-197
00000075,Wide Company 74,wide74.example,value-74-1,value-74-2,,value-74-4,value-74-5,value-74-6,value-74-7,value-74-8,value-74-9,,value-74-11,value-74-12,value-74-13,value-74-14,value-74-15,value-74-16,,value-74-18,value-74-19,value-74-20,value-74-21,value-74-22,value-74-23,,value-74-25,value-74-26,value-74-27,value-74-28,value-74-29,value-74-30,,value-74-32,value-74-33,value-74-34,value-74-35,value-74-36,value-74-37,,value-74-39,value-74-40,value-74-41,value-74-42,value-74-43,value-74-44,,value-74-46,value-74-47,value-74-48,value-74-49,value-74-50,value-74-51,,value-74-53,value-74-54,value-74-55,value-74-56,value-74-57,value-74-58,,value-74-60,value-74-61,value-74-62,value-74-63,value-74-64,value-74-65,,value-74-67,value-74-68,value-74-69,value-74-70,value-74-71,value-74-72,,value-74-74,value-74-75,value-74-76,value-74-77,value-74-78,value-74-79,,value-74-81,value-74-82,value-74-83,value-74-84,value-74-85,value-74-86,,value-74-88,value-74-89,value-74-90,value-74-91,value-74-92,value-74-93,,value-74-95,value-74-96,value-74-97,value-74-98,value-74-99,value-74-100,,value-74-102,value-74-103,value-74-104,value-74-105,value-74-106,value-74-107,,value-74-109,value-74-110,value-74-111,value-74-112,value-74-113,value-74-114,,value-74-116,value-74-117,value-74-118,value-74-119,value-74-120,value-74-121,,value-74-123,value-74-124,value-74-125,value-74-126,value-74-127,value-74-128,,value-74-130,value-74-131,value-74-132,value-74-133,value-74-134,value-74-135,,value-74-137,value-74-138,value-74-139,value-74-140,value-74-141,value-74-142,,value-74-144,value-74-145,value-74-146,value-74-147,value-74-148,value-74-149,,value-74-151,value-74-152,value-74-153,value-74-154,value-74-155,value-74-156,,value-74-158,value-74-159,value-74-160,value-74-161,value-74-162,value-74-163,,value-74-165,value-74-166,value-74-167,value-74-168,value-74-169,value-74-170,,value-74-172,value-74-173,value-74-174,value-74-175,value-74-176,value-74-177,,value-74-179,value-74-180,value-74-181,value-74-182,value-74-183,value-74-184,,value-74-186,value-74-187,value-74-188,value-74-189,value-74-190,value-74-191,,value-74-193,value-74-194,value-74-195,value-74-196,value-74-197
00000076,Wide Company 75,wide75.example,value-75-1,,value-75-3,value-75-4,value-75-5,value-75-6,value-75-7,value-75-8,,value-75-10,value-75-11,value-75-12,value-75-13,value-75-14,value-75-15,,value-75-17,value-75-18,value-75-19,value-75-20,value-75-21,value-75-22,,value-75-24,value-75-25,value-75-26,value-75-27,value-75-28,value-75-29,,value-75-31,value-75-32,value-75-33,value-75-34,value-75-35,value-75-36,,value-75-38,value-75-39,value-75-40,value-75-41,value-75-42,value-75-43,,value-75-45,value-75-46,value-75-47,value-75-48,value-75-49,value-75-50,,value-75-52,value-75-53,value-75-54,value-75-55,value-75-56,value-75-57,,value-75-59,value-75-60,value-75-61,value-75-62,value-75-63,value-75-64,,value-75-66,value-75-67,value-75-68,value-75-69,value-75-70,value-75-71,,value-75-73,value-75-74,value-75-75,value-75-76,value-75-77,value-75-78,,value-75-80,value-75-81,value-75-82,value-75-83,value-75-84,value-75-85,,value-75-87,value-75-88,value-75-89,value-75-90,value-75-91,value-75-92,,value-75-94,value-75-95,value-75-96,value-75-97,value-75-98,value-75-99,,value-75-101,value-75-102,value-75-103,value-75-104,value-75-105,value-75-106,,value-75-108,value-75-109,value-75-110,value-75-111,value-75-112,value-75-113,,value-75-115,value-75-116,value-75-117,value-75-118,value-75-119,value-75-120,,value-75-122,value-75-123,value-75-124,value-75-125,value-75-126,value-75-127,,value-75-129,value-75-130,value-75-131,value-75-132,value-75-133,value-75-134,,value-75-136,value-75-137,value-75-138,value-75-139,value-75-140,value-75-141,,value-75-143,value-75-144,value-75-145,value-75-146,value-75-147,value-75-148,,value-75-150,value-75-151,value-75-152,value-75-153,value-75-154,value-75-155,,value-75-157,value-75-158,value-75-159,value-75-160,value-75-161,value-75-162,,value-75-164,value-75-165,value-75-166,value-75-167,value-75-168,value-75-169,,value-75-171,value-75-172,value-75-173,value-75-174,value-75-175,value-75-176,,value-75-178,value-75-179,value-75-180,value-75-181,value-75-182,value-75-183,,value-75-185,value-75-186,value-75-187,value-75-188,value-75-189,value-75-190,,value-75-192,value-75-193,value-75-194,value-75-195,value-75-196,value-75-197
00000077,Wide Company 76,wide76.example,,value-76-2,value-76-3,value-76-4,value-76-5,value-76-6,value-76-7,,value-76-9,value-76-10,value-76-11,value-76-12,value-76-13,value-76-14,,value-76-16,value-76-17,value-76-18,value-76-19,value-76-20,value-76-21,,value-76-23,value-76-24,value-76-25,value-76-26,value-76-27,value-76-28,,value-76-30,value-76-31,value-76-32,value-76-33,value-76-34,value-76-35,,value-76-37,value-76-38,value-76-39,value-76-40,value-76-41,value-76-42,,value-76-44,value-76-45,value-76-46,value-76-47,value-76-48,value-76-49,,value-76-51,value-76-52,value-76-53,value-76-54,value-76-55,value-76-56,,value-76-58,value-76-59,value-76-60,value-76-61,value-76-62,value-76-63,,value-76-65,value-76-66,value-76-67,value-76-68,value-76-69,value-76-70,,value-76-72,value-76-73,value-76-74,value-76-75,value-76-76,value-76-77,,value-76-79,value-76-80,value-76-81,value-76-82,value-76-83,value-76-84,,value-76-86,value-76-87,value-76-88,value-76-89,value-76-90,value-76-91,,value-76-93,value-76-94,value-76-95,value-76-96,value-76-97,value-76-98,,value-76-100,value-76-101,value-76-102,value-76-103,value-76-104,value-76-105,,value-76-107,value-76-108,value-76-109,value-76-110,value-76-111,value-76-112,,value-76-114,value-76-115,value-76-116,value-76-117,value-76-118,value-76-119,,value-76-121,value-76-122,value-76-123,value-76-124,value-76-125,value-76-126,,value-76-128,value-76-129,value-76-130,value-76-131,value-76-132,value-76-133,,value-76-135,value-76-136,value-76-137,value-76-138,value-76-139,value-76-140,,value-76-142,value-76-143,value-76-144,value-76-145,value-76-146,value-76-147,,value-76-149,value-76-150,value-76-151,value-76-152,value-76-153,value-76-154,,value-76-156,value-76-157,value-76-158,value-76-159,value-76-160,value-76-161,,value-76-163,value-76-164,value-76-165,value-76-166,value-76-167,value-76-168,,value-76-170,value-76-171,value-76-172,value-76-173,value-76-174,value-76-175,,value-76-177,value-76-178,value-76-179,value-76-180,value-76-181,value-76-182,,value-76-184,value-76-185,value-76-186,value-76-187,value-76-188,value-76-189,,value-76-191,value-76-192,value-76-193,value-76-194,value-76-195,value-76-196,
00000078,Wide Company 77,wide77.example,value-77-1,value-77-2,value-77-3,value-77-4,value-77-5,value-77-6,,value-77-8,value-77-9,value-77-10,value-77-11,value-77-12,value-77-13,,value-77-15,value-77-16,value-77-17,value-77-18,value-77-19,value-77-20,,value-77-22,value-77-23,value-77-24,value-77-25,value-77-26,value-77-27,,value-77-29,value-77-30,value-77-31,value-77-32,value-77-33,value-77-34,,value-77-36,value-77-37,value-77-38,value-77-39,value-77-40,value-77-41,,value-77-43,value-77-44,value-77-45,value-77-46,value-77-47,value-77-48,,value-77-50,value-77-51,value-77-52,value-77-53,value-77-54,value-77-55,,value-77-57,value-77-58,value-77-59,value-77-60,value-77-61,value-77-62,,value-77-64,value-77-65,value-77-66,value-77-67,value-77-68,value-77-69,,value-77-71,value-77-72,value-77-73,value-77-74,value-77-75,value-77-76,,value-77-78,value-77-79,value-77-80,value-77-81,value-77-82,value-77-83,,value-77-85,value-77-86,value-77-87,value-77-88,value-77-89,value-77-90,,value-77-92,value-77-93,value-77-94,value-77-95,value-77-96,value-77-97,,value-77-99,value-77-100,value-77-101,value-77-102,value-77-103,value-77-104,,value-77-106,value-77-107,value-77-108,value-77-109,value-77-110,value-77-111,,value-77-113,value-77-114,value-77-115,value-77-116,value-77-117,value-77-118,,value-77-120,value-77-121,value-77-122,value-77-123,value-77-124,value-77-125,,value-77-127,value-77-128,value-77-129,value-77-130,value-77-131,value-77-132,,value-77-134,value-77-135,value-77-136,value-77-137,value-77-138,value-77-139,,value-77-141,value-77-142,value-77-143,value-77-144,value-77-145,value-77-146,,value-77-148,value-77-149,value-77-150,value-77-151,value-77-152,value-77-153,,value-77-155,value-77-156,value-77-157,value-77-158,value-77-159,value-77-160,,value-77-162,value-77-163,value-77-164,value-77-165,value-77-166,value-77-167,,value-77-169,value-77-170,value-77-171,value-77-172,value-77-173,value-77-174,,value-77-176,value-77-177,value-77-178,value-77-179,value-77-180,value-77-181,,value-77-183,value-77-184,value-77-185,value-77-186,value-77-187,value-77-188,,value-77-190,value-77-191,value-77-192,value-77-193,value-77-194,value-77-195,,value-77-197
00000079,Wide Company 78,wide78.example,value-78-1,value-78-2,value-78-3,value-78-4,value-78-5,,value-78-7,value-78-8,value-78-9,value-78-10,value-78-11,value-78-12,,value-78-14,value-78-15,value-78-16,value-78-17,value-78-18,value-78-19,,value-78-21,value-78-22,value-78-23,value-78-24,value-78-25,value-78-26,,value-78-28,value-78-29,value-78-30,value-78-31,value-78-32,value-78-33,,value-78-35,value-78-36,value-78-37,value-78-38,value-78-39,value-78-40,,value-78-42,value-78-43,value-78-44,value-78-45,value-78-46,value-78-47,,value-78-49,value-78-50,value-78-51,value-78-52,value-78-53,value-78-54,,value-78-56,value-78-57,value-78-58,value-78-59,value-78-60,value-78-61,,value-78-63,value-78-64,value-78-65,value-78-66,value-78-67,value-78-68,,value-78-70,value-78-71,value-78-72,value-78-73,value-78-74,value-78-75,,value-78-77,value-78-78,value-78-79,value-78-80,value-78-81,value-78-82,,value-78-84,value-78-85,value-78-86,value-78-87,value-78-88,value-78-89,,value-78-91,value-78-92,value-78-93,value-78-94,value-78-95,value-78-96,,value-78-98,value-78-99,value-78-100,value-78-101,value-78-102,value-78-103,,value-78-105,value-78-106,value-78-107,value-78-108,value-78-109,value-78-110,,value-78-112,value-78-113,value-78-114,value-78-115,value-78-116,value-78-117,,value-78-119,value-78-120,value-78-121,value-78-122,value-78-123,value-78-124,,value-78-126,value-78-127,value-78-128,value-78-129,value-78-130,value-78-131,,value-78-133,value-78-134,value-78-135,value-78-136,value-78-137,value-78-138,,value-78-140,value-78-141,value-78-142,value-78-143,value-78-144,value-78-145,,value-78-147,value-78-148,value-78-149,value-78-150,value-78-151,value-78-152,,value-78-154,value-78-155,value-78-156,value-78-157,value-78-158,value-78-159,,value-78-161,value-78-162,value-78-163,value-78-164,value-78-165,value-78-166,,value-78-168,value-78-169,value-78-170,value-78-171,value-78-172,value-78-173,,value-78-175,value-78-176,value-78-177,value-78-178,value-78-179,value-78-180,,value-78-182,value-78-183,value-78-184,value-78-185,value-78-186,value-78-187,,value-78-189,value-78-190,value-78-191,value-78-192,value-78-193,value-78-194,,value-78-196,value-78-197
00000080,Wide Company 79,wide79.example,value-79-1,value-79-2,value-79-3,value-79-4,,value-79-6,value-79-7,value-79-8,value-79-9,value-79-10,value-79-11,,value-79-13,value-79-14,value-79-15,value-79-16,value-79-17,value-79-18,,value-79-20,value-79-21,value-79-22,value-79-23,value-79-24,value-79-25,,value-79-27,value-79-28,value-79-29,value-79-30,value-79-31,value-79-32,,value-79-34,value-79-35,value-79-36,value-79-37,value-79-38,value-79-39,,value-79-41,value-79-42,value-79-43,value-79-44,value-79-45,value-79-46,,value-79-48,value-79-49,value-79-50,value-79-51,value-79-52,value-79-53,,value-79-55,value-79-56,value-79-57,value-79-58,value-79-59,value-79-60,,value-79-62,value-79-63,value-79-64,value-79-65,value-79-66,value-79-67,,value-79-69,value-79-70,value-79-71,value-79-72,value-79-73,value-79-74,,value-79-76,value-79-77,value-79-78,value-79-79,value-79-80,value-79-81,,value-79-83,value-79-84,value-79-85,value-79-86,value-79-87,value-79-88,,value-79-90,value-79-91,value-79-92,value-79-93,value-79-94,value-79-95,,value-79-97,value-79-98,value-79-99,value-79-100,value-79-101,value-79-102,,value-79-104,value-79-105,value-79-106,value-79-107,value-79-108,value-79-109,,value-79-111,value-79-112,value-79-113,value-79-114,value-79-115,value-79-116,,value-79-118,value-79-119,value-79-120,value-79-121,value-79-122,value-79-123,,value-79-125,value-79-126,value-79-127,value-79-128,value-79-129,value-79-130,,value-79-132,value-79-133,value-79-134,value-79-135,value-79-136,value-79-137,,value-79-139,value-79-140,value-79-141,value-79-142,value-79-143,value-79-144,,value-79-146,value-79-147,value-79-148,value-79-149,value-79-150,value-79-151,,value-79-153,value-79-154,value-79-155,value-79-156,value-79-157,value-79-158,,value-79-160,value-79-161,value-79-162,value-79-163,value-79-164,value-79-165,,value-79-167,value-79-168,value-79-169,value-79-170,value-79-171,value-79-172,,value-79-174,value-79-175,value-79-176,value-79-177,value-79-178,value-79-179,,value-79-181,value-79-182,value-79-183,value-79-184,value-79-185,value-79-186,,value-79-188,value-79-189,value-79-190,value-79-191,value-79-192,value-79-193,,value-79-195,value-79-196,value-79-197
00000081,Wide Company 80,wide80.example,value-80-1,value-80-2,value-80-3,,value-80-5,value-80-6,value-80-7,value-80-8,value-80-9,value-80-10,,value-80-12,value-80-13,value-80-14,value-80-15,value-80-16,value-80-17,,value-80-19,value-80-20,value-80-21,value-80-22,value-80-23,value-80-24,,value-80-26,value-80-27,value-80-28,value-80-29,value-80-30,value-80-31,,value-80-33,value-80-34,value-80-35,value-80-36,value-80-37,value-80-38,,value-80-40,value-80-41,value-80-42,value-80-43,value-80-44,value-80-45,,value-80-47,value-80-48,value-80-49,value-80-50,value-80-51,value-80-52,,value-80-54,value-80-55,value-80-56,value-80-57,value-80-58,value-80-59,,value-80-61,value-80-62,value-80-63,value-80-64,value-80-65,value-80-66,,value-80-68,value-80-69,value-80-70,value-80-71,value-80-72,value-80-73,,value-80-75,value-80-76,value-80-77,value-80-78,value-80-79,value-80-80,,value-80-82,value-80-83,value-80-84,value-80-85,value-80-86,value-80-87,,value-80-89,value-80-90,value-80-91,value-80-92,value-80-93,value-80-94,,value-80-96,value-80-97,value-80-98,value-80-99,value-80-100,value-80-101,,value-80-103,value-80-104,value-80-105,value-80-106,value-80-107,value-80-108,,value-80-110,value-80-111,value-80-112,value-80-113,value-80-114,value-80-115,,value-80-117,value-80-118,value-80-119,value-80-120,value-80-121,value-80-122,,value-80-124,value-80-125,value-80-126,value-80-127,value-80-128,value-80-129,,value-80-131,value-80-132,value-80-133,value-80-134,value-80-135,value-80-136,,value-80-138,value-80-139,value-80-140,value-80-141,value-80-142,value-80-143,,value-80-145,value-80-146,value-80-147,value-80-148,value-80-149,value-80-150,,value-80-152,value-80-153,value-80-154,value-80-155,value-80-156,value-80-157,,value-80-159,value-80-160,value-80-161,value-80-162,value-80-163,value-80-164,,value-80-166,value-80-167,value-80-168,value-80-169,value-80-170,value-80-171,,value-80-173,value-80-174,value-80-175,value-80-176,value-80-177,value-80-178,,value-80-180,value-80-181,value-80-182,value-80-183,value-80-184,value-80-185,,value-80-187,value-80-188,value-80-189,value-80-190,value-80-191,value-80-192,,value-80-194,value-80-195,value-80-196,value-80-197
00000082,Wide Company 81,wide81.example,value-81-1,value-81-2,,value-81-4,value-81-5,value-81-6,value-81-7,value-81-8,value-81-9,,value-81-11,value-81-12,value-81-13,value-81-14,value-81-15,value-81-16,,value-81-18,value-81-19,value-81-20,value-81-21,value-81-22,value-81-23,,value-81-25,value-81-26,value-81-27,value-81-28,value-81-29,value-81-30,,value-81-32,value-81-33,value-81-34,value-81-35,value-81-36,value-81-37,,value-81-39,value-81-40,value-81-41,value-81-42,value-81-43,value-81-44,,value-81-46,value-81-47,value-81-48,value-81-49,value-81-50,value-81-51,,value-81-53,value-81-54,value-81-55,value-81-56,value-81-57,value-81-58,,value-81-60,value-81-61,value-81-62,value-81-63,value-81-64,value-81-65,,value-81-67,value-81-68,value-81-69,value-81-70,value-81-71,value-81-72,,value-81-74,value-81-75,value-81-76,value-81-77,value-81-78,value-81-79,,value-81-81,value-81-82,value-81-83,value-81-84,value-81-85,value-81-86,,value-81-88,value-81-89,value-81-90,value-81-91,value-81-92,value-81-93,,value-81-95,value-81-96,value-81-97,value-81-98,value-81-99,value-81-100,,value-81-102,value-81-103,value-81-104,value-81-105,value-81-106,value-81-107,,value-81-109,value-81-110,value-81-111,value-81-112,value-81-113,value-81-114,,value-81-116,value-81-117,value-81-118,value-81-119,value-81-120,value-81-121,,value-81-123,value-81-124,value-81-125,value-81-126,value-81-127,value-81-128,,value-81-130,value-81-131,value-81-132,value-81-133,value-81-134,value-81-135,,value-81-137,value-81-138,value-81-139,value-81-140,value-81-141,value-81-142,,value-81-144,value-81-145,value-81-146,value-81-147,value-81-148,value-81-149,,value-81-151,value-81-152,value-81-153,value-81-154,value-81-155,value-81-156,,value-81-158,value-81-159,value-81-160,value-81-161,value-81-162,value-81-163,,value-81-165,value-81-166,value-81-167,value-81-168,value-81-169,value-81-170,,value-81-172,value-81-173,value-81-174,value-81-175,value-81-176,value-81-177,,value-81-179,value-81-180,value-81-181,value-81-182,value-81-183,value-81-184,,value-81-186,value-81-187,value-81-188,value-81-189,value-81-190,value-81-191,,value-81-193,value-81-194,value-81-195,value-81-196,value-81-197
00000083,Wide Company 82,wide82.example,value-82-1,,value-82-3,value-82-4,value-82-5,value-82-6,value-82-7,value-82-8,,value-82-10,value-82-11,value-82-12,value-82-13,value-82-14,value-82-15,,value-82-17,value-82-18,value-82-19,value-82-20,value-82-21,value-82-22,,value-82-24,value-82-25,value-82-26,value-82-27,value-82-28,value-82-29,,value-82-31,value-82-32,value-82-33,value-82-34,value-82-35,value-82-36,,value-82-38,value-82-39,value-82-40,value-82-41,value-82-42,value-82-43,,value-82-45,value-82-46,value-82-47,value-82-48,value-82-49,value-82-50,,value-82-52,value-82-53,value-82-54,value-82-55,value-82-56,value-82-57,,value-82-59,value-82-60,value-82-61,value-82-62,value-82-63,value-82-64,,value-82-66,value-82-67,value-82-68,value-82-69,value-82-70,value-82-71,,value-82-73,value-82-74,value-82-75,value-82-76,value-82-77,value-82-78,,value-82-80,value-82-81,value-82-82,value-82-83,value-82-84,value-82-85,,value-82-87,value-82-88,value-82-89,value-82-90,value-82-91,value-82-92,,value-82-94,value-82-95,value-82-96,value-82-97,value-82-98,value-82-99,,value-82-101,value-82-102,value-82-103,value-82-104,value-82-105,value-82-106,,value-82-108,value-82-109,value-82-110,value-82-111,value-82-112,value-82-113,,value-82-115,value-82-116,value-82-117,value-82-118,value-82-119,value-82-120,,value-82-122,value-82-123,value-82-124,value-82-125,value-82-126,value-82-127,,value-82-129,value-82-130,value-82-131,value-82-132,value-82-133,value-82-134,,value-82-136,value-82-137,value-82-138,value-82-139,value-82-140,value-82-141,,value-82-143,value-82-144,value-82-145,value-82-146,value-82-147,value-82-148,,value-82-150,value-82-151,value-82-152,value-82-153,value-82-154,value-82-155,,value-82-157,value-82-158,value-82-159,value-82-160,value-82-161,value-82-162,,value-82-164,value-82-165,value-82-166,value-82-167,value-82-168,value-82-169,,value-82-171,value-82-172,value-82-173,value-82-174,value-82-175,value-82-176,,value-82-178,value-82-179,value-82-180,value-82-181,value-82-182,value-82-183,,value-82-185,value-82-186,value-82-187,value-82-188,value-82-189,value-82-190,,value-82-192,value-82-193,value-82-194,value-82-195,value-82-196,value-82-197
00000084,Wide Company 83,wide83.example,,value-83-2,value-83-3,value-83-4,value-83-5,value-83-6,value-83-7,,value-83-9,value-83-10,value-83-11,value-83-12,value-83-13,value-83-14,,value-83-16,value-83-17,value-83-18,value-83-19,value-83-20,value-83-21,,value-83-23,value-83-24,value-83-25,value-83-26,value-83-27,value-83-28,,value-83-30,value-83-31,value-83-32,value-83-33,value-83-34,value-83-35,,value-83-37,value-83-38,value-83-39,value-83-40,value-83-41,value-83-42,,value-83-44,value-83-45,value-83-46,value-83-47,value-83-48,value-83-49,,value-83-51,value-83-52,value-83-53,value-83-54,value-83-55,value-83-56,,value-83-58,value-83-59,value-83-60,value-83-61,value-83-62,value-83-63,,value-83-65,value-83-66,value-83-67,value-83-68,value-83-69,value-83-70,,value-83-72,value-83-73,value-83-74,value-83-75,value-83-76,value-83-77,,value-83-79,value-83-80,value-83-81,value-83-82,value-83-83,value-83-84,,value-83-86,value-83-87,value-83-88,value-83-89,value-83-90,value-83-91,,value-83-93,value-83-94,value-83-95,value-83-96,value-83-97,value-83-98,,value-83-100,value-83-101,value-83-102,value-83-103,value-83-104,value-83-105,,value-83-107,value-83-108,value-83-109,value-83-110,value-83-111,value-83-112,,value-83-114,value-83-115,value-83-116,value-83-117,value-83-118,value-83-119,,value-83-121,value-83-122,value-83-123,value-83-124,value-83-125,value-83-126,,value-83-128,value-83-129,value-83-130,value-83-131,value-83-132,value-83-133,,value-83-135,value-83-136,value-83-137,value-83-138,value-83-139,value-83-140,,value-83-142,value-83-143,value-83-144,value-83-145,value-83-146,value-83-147,,value-83-149,value-83-150,value-83-151,value-83-152,value-83-153,value-83-154,,value-83-156,value-83-157,value-83-158,value-83-159,value-83-160,value-83-161,,value-83-163,value-83-164,value-83-165,value-83-166,value-83-167,value-83-168,,value-83-170,value-83-171,value-83-172,value-83-173,value-83-174,value-83-175,,value-83-177,value-83-178,value-83-179,value-83-180,value-83-181,value-83-182,,value-83-184,value-83-185,value-83-186,value-83-187,value-83-188,value-83-189,,value-83-191,value-83-192,value-83-193,value-83-194,value-83-195,value-83-196,
00000085,Wide Company 84,wide84.example,value-84-1,value-84-2,value-84-3,value-84-4,value-84-5,value-84-6,,value-84-8,value-84-9,value-84-10,value-84-11,value-84-12,value-84-13,,value-84-15,value-84-16,value-84-17,value-84-18,value-84-19,value-84-20,,value-84-22,value-84-23,value-84-24,value-84-25,value-84-26,value-84-27,,value-84-29,value-84-30,value-84-31,value-84-32,value-84-33,value-84-34,,value-84-36,value-84-37,value-84-38,value-84-39,value-84-40,value-84-41,,value-84-43,value-84-44,value-84-45,value-84-46,value-84-47,value-84-48,,value-84-50,value-84-51,value-84-52,value-84-53,value-84-54,value-84-55,,value-84-57,value-84-58,value-84-59,value-84-60,value-84-61,value-84-62,,value-84-64,value-84-65,value-84-66,value-84-67,value-84-68,value-84-69,,value-84-71,value-84-72,value-84-73,value-84-74,value-84-75,value-84-76,,value-84-78,value-84-79,value-84-80,value-84-81,value-84-82,value-84-83,,value-84-85,value-84-86,value-84-87,value-84-88,value-84-89,value-84-90,,value-84-92,value-84-93,value-84-94,value-84-95,value-84-96,value-84-97,,value-84-99,value-84-100,value-84-101,value-84-102,value-84-103,value-84-104,,value-84-106,value-84-107,value-84-108,value-84-109,value-84-110,value-84-111,,value-84-113,value-84-114,value-84-115,value-84-116,value-84-117,value-84-118,,value-84-120,value-84-121,value-84-122,value-84-123,value-84-124,value-84-125,,value-84-127,value-84-128,value-84-129,value-84-130,value-84-131,value-84-132,,value-84-134,value-84-135,value-84-136,value-84-137,value-84-138,value-84-139,,value-84-141,value-84-142,value-84-143,value-84-144,value-84-145,value-84-146,,value-84-148,value-84-149,value-84-150,value-84-151,value-84-152,value-84-153,,value-84-155,value-84-156,value-84-157,value-84-158,value-84-159,value-84-160,,value-84-162,value-84-163,value-84-164,value-84-165,value-84-166,value-84-167,,value-84-169,value-84-170,value-84-171,value-84-172,value-84-173,value-84-174,,value-84-176,value-84-177,value-84-178,value-84-179,value-84-180,value-84-181,,value-84-183,value-84-184,value-84-185,value-84-186,value-84-187,value-84-188,,value-84-190,value-84-191,value-84-192,value-84-193,value-84-194,value-84-195,,value-84-197
00000086,Wide Company 85,wide85.example,value-85-1,value-85-2,value-85-3,value-85-4,value-85-5,,value-85-7,value-85-8,value-85-9,value-85-10,value-85-11,value-85-12,,value-85-14,value-85-15,value-85-16,value-85-17,value-85-18,value-85-19,,value-85-21,value-85-22,value-85-23,value-85-24,value-85-25,value-85-26,,value-85-28,value-85-29,value-85-30,value-85-31,value-85-32,value-85-33,,value-85-35,value-85-36,value-85-37,value-85-38,value-85-39,value-85-40,,value-85-42,value-85-43,value-85-44,value-85-45,value-85-46,value-85-47,,value-85-49,value-85-50,value-85-51,value-85-52,value-85-53,value-85-54,,value-85-56,value-85-57,value-85-58,value-85-59,value-85-60,value-85-61,,value-85-63,value-85-64,value-85-65,value-85-66,value-85-67,value-85-68,,value-85-70,value-85-71,value-85-72,value-85-73,value-85-74,value-85-75,,value-85-77,value-85-78,value-85-79,value-85-80,value-85-81,value-85-82,,value-85-84,value-85-85,value-85-86,value-85-87,value-85-88,value-85-89,,value-85-91,value-85-92,value-85-93,value-85-94,value-85-95,value-85-96,,value-85-98,value-85-99,value-85-100,value-85-101,value-85-102,value-85-103,,value-85-105,value-85-106,value-85-107,value-85-108,value-85-109,value-85-110,,value-85-112,value-85-113,value-85-114,value-85-115,value-85-116,value-85-117,,value-85-119,value-85-120,value-85-121,value-85-122,value-85-123,value-85-124,,value-85-126,value-85-127,value-85-128,value-85-129,value-85-130,value-85-131,,value-85-133,value-85-134,value-85-135,value-85-136,value-85-137,value-85-138,,value-85-140,value-85-141,value-85-142,value-85-143,value-85-144,value-85-145,,value-85-147,value-85-148,value-85-149,value-85-150,value-85-151,value-85-152,,value-85-154,value-85-155,value-85-156,value-85-157,value-85-158,value-85-159,,value-85-161,value-85-162,value-85-163,value-85-164,value-85-165,value-85-166,,value-85-168,value-85-169,value-85-170,value-85-171,value-85-172,value-85-173,,value-85-175,value-85-176,value-85-177,value-85-178,value-85-179,value-85-180,,value-85-182,value-85-183,value-85-184,value-85-185,value-85-186,value-85-187,,value-85-189,value-85-190,value-85-191,value-85-192,value-85-193,value-85-194,,value-85-196,value-85-197
00000087,Wide Company 86,wide86.example,value-86-1,value-86-2,value-86-3,value-86-4,,value-86-6,value-86-7,value-86-8,value-86-9,value-86-10,value-86-11,,value-86-13,value-86-14,value-86-15,value-86-16,value-86-17,value-86-18,,value-86-20,value-86-21,value-86-22,value-86-23,value-86-24,value-86-25,,value-86-27,value-86-28,value-86-29,value-86-30,value-86-31,value-86-32,,value-86-34,value-86-35,value-86-36,value-86-37,value-86-38,value-86-39,,value-86-41,value-86-42,value-86-43,value-86-44,value-86-45,value-86-46,,value-86-48,value-86-49,value-86-50,value-86-51,value-86-52,value-86-53,,value-86-55,value-86-56,value-86-57,value-86-58,value-86-59,value-86-60,,value-86-62,value-86-63,value-86-64,value-86-65,value-86-66,value-86-67,,value-86-69,value-86-70,value-86-71,value-86-72,value-86-73,value-86-74,,value-86-76,value-86-77,value-86-78,value-86-79,value-86-80,value-86-81,,value-86-83,value-86-84,value-86-85,value-86-86,value-86-87,value-86-88,,value-86-90,value-86-91,value-86-92,value-86-93,value-86-94,value-86-95,,value-86-97,value-86-98,value-86-99,value-86-100,value-86-101,value-86-102,,value-86-104,value-86-105,value-86-106,value-86-107,value-86-108,value-86-109,,value-86-111,value-86-112,value-86-113,value-86-114,value-86-115,value-86-116,,value-86-118,value-86-119,value-86-120,value-86-121,value-86-122,value-86-123,,value-86-125,value-86-126,value-86-127,value-86-128,value-86-129,value-86-130,,value-86-132,value-86-133,value-86-134,value-86-135,value-86-136,value-86-137,,value-86-139,value-86-140,value-86-141,value-86-142,value-86-143,value-86-144,,value-86-146,value-86-147,value-86-148,value-86-149,value-86-150,value-86-151,,value-86-153,value-86-154,value-86-155,value-86-156,value-86-157,value-86-158,,value-86-160,value-86-161,value-86-162,value-86-163,value-86-164,value-86-165,,value-86-167,value-86-168,value-86-169,value-86-170,value-86-171,value-86-172,,value-86-174,value-86-175,value-86-176,value-86-177,value-86-178,value-86-179,,value-86-181,value-86-182,value-86-183,value-86-184,value-86-185,value-86-186,,value-86-188,value-86-189,value-86-190,value-86-191,value-86-192,value-86-193,,value-86-195,value-86-196,value-86-197
00000088,Wide Company 87,wide87.example,value-87-1,value-87-2,value-87-3,,value-87-5,value-87-6,value-87-7,value-87-8,value-87-9,value-87-10,,value-87-12,value-87-13,value-87-14,value-87-15,value-87-16,value-87-17,,value-87-19,value-87-20,value-87-21,value-87-22,value-87-23,value-87-24,,value-87-26,value-87-27,value-87-28,value-87-29,value-87-30,value-87-31,,value-87-33,value-87-34,value-87-35,value-87-36,value-87-37,value-87-38,,value-87-40,value-87-41,value-87-42,value-87-43,value-87-44,value-87-45,,value-87-47,value-87-48,value-87-49,value-87-50,value-87-51,value-87-52,,value-87-54,value-87-55,value-87-56,value-87-57,value-87-58,value-87-59,,value-87-61,value-87-62,value-87-63,value-87-64,value-87-65,value-87-66,,value-87-68,value-87-69,value-87-70,value-87-71,value-87-72,value-87-73,,value-87-75,value-87-76,value-87-77,value-87-78,value-87-79,value-87-80,,value-87-82,value-87-83,value-87-84,value-87-85,value-87-86,value-87-87,,value-87-89,value-87-90,value-87-91,value-87-92,value-87-93,value-87-94,,value-87-96,value-87-97,value-87-98,value-87-99,value-87-100,value-87-101,,value-87-103,value-87-104,value-87-105,value-87-106,value-87-107,value-87-108,,value-87-110,value-87-111,value-87-112,value-87-113,value-87-114,value-87-115,,value-87-117,value-87-118,value-87-119,value-87-120,value-87-121,value-87-122,,value-87-124,value-87-125,value-87-126,value-87-127,value-87-128,value-87-129,,value-87-131,value-87-132,value-87-133,value-87-134,value-87-135,value-87-136,,value-87-138,value-87-139,value-87-140,value-87-141,value-87-142,value-87-143,,value-87-145,value-87-146,value-87-147,value-87-148,value-87-149,value-87-150,,value-87-152,value-87-153,value-87-154,value-87-155,value-87-156,value-87-157,,value-87-159,value-87-160,value-87-161,value-87-162,value-87-163,value-87-164,,value-87-166,value-87-167,value-87-168,value-87-169,value-87-170,value-87-171,,value-87-173,value-87-174,value-87-175,value-87-176,value-87-177,value-87-178,,value-87-180,value-87-181,value-87-182,value-87-183,value-87-184,value-87-185,,value-87-187,value-87-188,value-87-189,value-87-190,value-87-191,value-87-192,,value-87-194,value-87-195,value-87-196,value-87-197
00000089,Wide Company 88,wide88.example,value-88-1,value-88-2,,value-88-4,value-88-5,value-88-6,value-88-7,value-88-8,value-88-9,,value-88-11,value-88-12,value-88-13,value-88-14,value-88-15,value-88-16,,value-88-18,value-88-19,value-88-20,value-88-21,value-88-22,value-88-23,,value-88-25,value-88-26,value-88-27,value-88-28,value-88-29,value-88-30,,value-88-32,value-88-33,value-88-34,value-88-35,value-88-36,value-88-37,,value-88-39,value-88-40,value-88-41,value-88-42,value-88-43,value-88-44,,value-88-46,value-88-47,value-88-48,value-88-49,value-88-50,value-88-51,,value-88-53,value-88-54,value-88-55,value-88-56,value-88-57,value-88-58,,value-88-60,value-88-61,value-88-62,value-88-63,value-88-64,value-88-65,,value-88-67,value-88-68,value-88-69,value-88-70,value-88-71,value-88-72,,value-88-74,value-88-75,value-88-76,value-88-77,value-88-78,value-88-79,,value-88-81,value-88-82,value-88-83,value-88-84,value-88-85,value-88-86,,value-88-88,value-88-89,value-88-90,value-88-91,value-88-92,value-88-93,,value-88-95,value-88-96,value-88-97,value-88-98,value-88-99,value-88-100,,value-88-102,value-88-103,value-88-104,value-88-105,value-88-106,value-88-107,,value-88-109,value-88-110,value-88-111,value-88-112,value-88-113,value-88-114,,value-88-116,value-88-117,value-88-118,value-88-119,value-88-120,value-88-121,,value-88-123,value-88-124,value-88-125,value-88-126,value-88-127,value-88-128,,value-88-130,value-88-131,value-88-132,value-88-133,value-88-134,value-88-135,,value-88-137,value-88-138,value-88-139,value-88-140,value-88-141,value-88-142,,value-88-144,value-88-145,value-88-146,value-88-147,value-88-148,value-88-149,,value-88-151,value-88-152,value-88-153,value-88-154,value-88-155,value-88-156,,value-88-158,value-88-159,value-88-160,value-88-161,value-88-162,value-88-163,,value-88-165,value-88-166,value-88-167,value-88-168,value-88-169,value-88-170,,value-88-172,value-88-173,value-88-174,value-88-175,value-88-176,value-88-177,,value-88-179,value-88-180,value-88-181,value-88-182,value-88-183,value-88-184,,value-88-186,value-88-187,value-88-188,value-88-189,value-88-190,value-88-191,,value-88-193,value-88-194,value-88-195,value-88-196,value-88-197
00000090,Wide Company 89,wide89.example,value-89-1,,value-89-3,value-89-4,value-89-5,value-89-6,value-89-7,value-89-8,,value-89-10,value-89-11,value-89-12,value-89-13,value-89-14,value-89-15,,value-89-17,value-89-18,value-89-19,value-89-20,value-89-21,value-89-22,,value-89-24,value-89-25,value-89-26,value-89-27,value-89-28,value-89-29,,value-89-31,value-89-32,value-89-33,value-89-34,value-89-35,value-89-36,,value-89-38,value-89-39,value-89-40,value-89-41,value-89-42,value-89-43,,value-89-45,value-89-46,value-89-47,value-89-48,value-89-49,value-89-50,,value-89-52,value-89-53,value-89-54,value-89-55,value-89-56,value-89-57,,value-89-59,value-89-60,value-89-61,value-89-62,value-89-63,value-89-64,,value-89-66,value-89-67,value-89-68,value-89-69,value-89-70,value-89-71,,value-89-73,value-89-74,value-89-75,value-89-76,value-89-77,value-89-78,,value-89-80,value-89-81,value-89-82,value-89-83,value-89-84,value-89-85,,value-89-87,value-89-88,value-89-89,value-89-90,value-89-91,value-89-92,,value-89-94,value-89-95,value-89-96,value-89-97,value-89-98,value-89-99,,value-89-101,value-89-102,value-89-103,value-89-104,value-89-105,value-89-106,,value-89-108,value-89-109,value-89-110,value-89-111,value-89-112,value-89-113,,value-89-115,value-89-116,value-89-117,value-89-118,value-89-119,value-89-120,,value-89-122,value-89-123,value-89-124,value-89-125,value-89-126,value-89-127,,value-89-129,value-89-130,value-89-131,value-89-132,value-89-133,value-89-134,,value-89-136,value-89-137,value-89-138,value-89-139,value-89-140,value-89-141,,value-89-143,value-89-144,value-89-145,value-89-146,value-89-147,value-89-148,,value-89-150,value-89-151,value-89-152,value-89-153,value-89-154,value-89-155,,value-89-157,value-89-158,value-89-159,value-89-160,value-89-161,value-89-162,,value-89-164,value-89-165,value-89-166,value-89-167,value-89-168,value-89-169,,value-89-171,value-89-172,value-89-173,value-89-174,value-89-175,value-89-176,,value-89-178,value-89-179,value-89-180,value-89-181,value-89-182,value-89-183,,value-89-185,value-89-186,value-89-187,value-89-188,value-89-189,value-89-190,,value-89-192,value-89-193,value-89-194,value-89-195,value-89-196,value-89-197
00000091,Wide Company 90,wide90.example,,value-90-2,value-90-3,value-90-4,value-90-5,value-90-6,value-90-7,,value-90-9,value-90-10,value-90-11,value-90-12,value-90-13,value-90-14,,value-90-16,value-90-17,value-90-18,value-90-19,value-90-20,value-90-21,,value-90-23,value-90-24,value-90-25,value-90-26,value-90-27,value-90-28,,value-90-30,value-90-31,value-90-32,value-90-33,value-90-34,value-90-35,,value-90-37,value-90-38,value-90-39,value-90-40,value-90-41,value-90-42,,value-90-44,value-90-45,value-90-46,value-90-47,value-90-48,value-90-49,,value-90-51,value-90-52,value-90-53,value-90-54,value-90-55,value-90-56,,value-90-58,value-90-59,value-90-60,value-90-61,value-90-62,value-90-63,,value-90-65,value-90-66,value-90-67,value-90-68,value-90-69,value-90-70,,value-90-72,value-90-73,value-90-74,value-90-75,value-90-76,value-90-77,,value-90-79,value-90-80,value-90-81,value-90-82,value-90-83,value-90-84,,value-90-86,value-90-87,value-90-88,value-90-89,value-90-90,value-90-91,,value-90-93,value-90-94,value-90-95,value-90-96,value-90-97,value-90-98,,value-90-100,value-90-101,value-90-102,value-90-103,value-90-104,value-90-105,,value-90-107,value-90-108,value-90-109,value-90-110,value-90-111,value-90-112,,value-90-114,value-90-115,value-90-116,value-90-117,value-90-118,value-90-119,,value-90-121,value-90-122,value-90-123,value-90-124,value-90-125,value-90-126,,value-90-128,value-90-129,value-90-130,value-90-131,value-90-132,value-90-133,,value-90-135,value-90-136,value-90-137,value-90-138,value-90-139,value-90-140,,value-90-142,value-90-143,value-90-144,value-90-145,value-90-146,value-90-147,,value-90-149,value-90-150,value-90-151,value-90-152,value-90-153,value-90-154,,value-90-156,value-90-157,value-90-158,value-90-159,value-90-160,value-90-161,,value-90-163,value-90-164,value-90-165,value-90-166,value-90-167,value-90-168,,value-90-170,value-90-171,value-90-172,value-90-173,value-90-174,value-90-175,,value-90-177,value-90-178,value-90-179,value-90-180,value-90-181,value-90-182,,value-90-184,value-90-185,value-90-186,value-90-187,value-90-188,value-90-189,,value-90-191,value-90-192,value-90-193,value-90-194,value-90-195,value-90-196,
00000092,Wide Company 91,wide91.example,value-91-1,value-91-2,value-91-3,value-91-4,value-91-5,value-91-6,,value-91-8,value-91-9,value-91-10,value-91-11,value-91-12,value-91-13,,value-91-15,value-91-16,value-91-17,value-91-18,value-91-19,value-91-20,,value-91-22,value-91-23,value-91-24,value-91-25,value-91-26,value-91-27,,value-91-29,value-91-30,value-91-31,value-91-32,value-91-33,value-91-34,,value-91-36,value-91-37,value-91-38,value-91-39,value-91-40,value-91-41,,value-91-43,value-91-44,value-91-45,value-91-46,value-91-47,value-91-48,,value-91-50,value-91-51,value-91-52,value-91-53,value-91-54,value-91-55,,value-91-57,value-91-58,value-91-59,value-91-60,value-91-61,value-91-62,,value-91-64,value-91-65,value-91-66,value-91-67,value-91-68,value-91-69,,value-91-71,value-91-72,value-91-73,value-91-74,value-91-75,value-91-76,,value-91-78,value-91-79,value-91-80,value-91-81,value-91-82,value-91-83,,value-91-85,value-91-86,value-91-87,value-91-88,value-91-89,value-91-90,,value-91-92,value-91-93,value-91-94,value-91-95,value-91-96,value-91-97,,value-91-99,value-91-100,value-91-101,value-91-102,value-91-103,value-91-104,,value-91-106,value-91-107,value-91-108,value-91-109,value-91-110,value-91-111,,value-91-113,value-91-114,value-91-115,value-91-116,value-91-117,value-91-118,,value-91-120,value-91-121,value-91-122,value-91-123,value-91-124,value-91-125,,value-91-127,value-91-128,value-91-129,value-91-130,value-91-131,value-91-132,,value-91-134,value-91-135,value-91-136,value-91-137,value-91-138,value-91-139,,value-91-141,value-91-142,value-91-143,value-91-144,value-91-145,value-91-146,,value-91-148,value-91-149,value-91-150,value-91-151,value-91-152,value-91-153,,value-91-155,value-91-156,value-91-157,value-91-158,value-91-159,value-91-160,,value-91-162,value-91-163,value-91-164,value-91-165,value-91-166,value-91-167,,value-91-169,value-91-170,value-91-171,value-91-172,value-91-173,value-91-174,,value-91-176,value-91-177,value-91-178,value-91-179,value-91-180,value-91-181,,value-91-183,value-91-184,value-91-185,value-91-186,value-91-187,value-91-188,,value-91-190,value-91-191,value-91-192,value-91-193,value-91-194,value-91-195,,value-91-197
00000093,Wide Company 92,wide92.example,value-92-1,value-92-2,value-92-3,value-92-4,value-92-5,,value-92-7,value-92-8,value-92-9,value-92-10,value-92-11,value-92-12,,value-92-14,value-92-15,value-92-16,value-92-17,value-92-18,value-92-19,,value-92-21,value-92-22,value-92-23,value-92-24,value-92-25,value-92-26,,value-92-28,value-92-29,value-92-30,value-92-31,value-92-32,value-92-33,,value-92-35,value-92-36,value-92-37,value-92-38,value-92-39,value-92-40,,value-92-42,value-92-43,value-92-44,value-92-45,value-92-46,value-92-47,,value-92-49,value-92-50,value-92-51,value-92-52,value-92-53,value-92-54,,value-92-56,value-92-57,value-92-58,value-92-59,value-92-60,value-92-61,,value-92-63,value-92-64,value-92-65,value-92-66,value-92-67,value-92-68,,value-92-70,value-92-71,value-92-72,value-92-73,value-92-74,value-92-75,,value-92-77,value-92-78,value-92-79,value-92-80,value-92-81,value-92-82,,value-92-84,value-92-85,value-92-86,value-92-87,value-92-88,value-92-89,,value-92-91,value-92-92,value-92-93,value-92-94,value-92-95,value-92-96,,value-92-98,value-92-99,value-92-100,value-92-101,value-92-102,value-92-103,,value-92-105,value-92-106,value-92-107,value-92-108,value-92-109,value-92-110,,value-92-112,value-92-113,value-92-114,value-92-115,value-92-116,value-92-117,,value-92-119,value-92-120,value-92-121,value-92-122,value-92-123,value-92-124,,value-92-126,value-92-127,value-92-128,value-92-129,value-92-130,value-92-131,,value-92-133,value-92-134,value-92-135,value-92-136,value-92-137,value-92-138,,value-92-140,value-92-141,value-92-142,value-92-143,value-92-144,value-92-145,,value-92-147,value-92-148,value-92-149,value-92-150,value-92-151,value-92-152,,value-92-154,value-92-155,value-92-156,value-92-157,value-92-158,value-92-159,,value-92-161,value-92-162,value-92-163,value-92-164,value-92-165,value-92-166,,value-92-168,value-92-169,value-92-170,value-92-171,value-92-172,value-92-173,,value-92-175,value-92-176,value-92-177,value-92-178,value-92-179,value-92-180,,value-92-182,value-92-183,value-92-184,value-92-185,value-92-186,value-92-187,,value-92-189,value-92-190,value-92-191,value-92-192,value-92-193,value-92-194,,value-92-196,value-92-197
00000094,Wide Company 93,wide93.example,value-93-1,value-93-2,value-93-3,value-93-4,,value-93-6,value-93-7,value-93-8,value-93-9,value-93-10,value-93-11,,value-93-13,value-93-14,value-93-15,value-93-16,value-93-17,value-93-18,,value-93-20,value-93-21,value-93-22,value-93-23,value-93-24,value-93-25,,value-93-27,value-93-28,value-93-29,value-93-30,value-93-31,value-93-32,,value-93-34,value-93-35,value-93-36,value-93-37,value-93-38,value-93-39,,value-93-41,value-93-42,value-93-43,value-93-44,value-93-45,value-93-46,,value-93-48,value-93-49,value-93-50,value-93-51,value-93-52,value-93-53,,value-93-55,value-93-56,value-93-57,value-93-58,value-93-59,value-93-60,,value-93-62,value-93-63,value-93-64,value-93-65,value-93-66,value-93-67,,value-93-69,value-93-70,value-93-71,value-93-72,value-93-73,value-93-74,,value-93-76,value-93-77,value-93-78,value-93-79,value-93-80,value-93-81,,value-93-83,value-93-84,value-93-85,value-93-86,value-93-87,value-93-88,,value-93-90,value-93-91,value-93-92,value-93-93,value-93-94,value-93-95,,value-93-97,value-93-98,value-93-99,value-93-100,value-93-101,value-93-102,,value-93-104,value-93-105,value-93-106,value-93-107,value-93-108,value-93-109,,value-93-111,value-93-112,value-93-113,value-93-114,value-93-115,value-93-116,,value-93-118,value-93-119,value-93-120,value-93-121,value-93-122,value-93-123,,value-93-125,value-93-126,value-93-127,value-93-128,value-93-129,value-93-130,,value-93-132,value-93-133,value-93-134,value-93-135,value-93-136,value-93-137,,value-93-139,value-93-140,value-93-141,value-93-142,value-93-143,value-93-144,,value-93-146,value-93-147,value-93-148,value-93-149,value-93-150,value-93-151,,value-93-153,value-93-154,value-93-155,value-93-156,value-93-157,value-93-158,,value-93-160,value-93-161,value-93-162,value-93-163,value-93-164,value-93-165,,value-93-167,value-93-168,value-93-169,value-93-170,value-93-171,value-93-172,,value-93-174,value-93-175,value-93-176,value-93-177,value-93-178,value-93-179,,value-93-181,value-93-182,value-93-183,value-93-184,value-93-185,value-93-186,,value-93-188,value-93-189,value-93-190,value-93-191,value-93-192,value-93-193,,value-93-195,value-93-196,value-93-197
00000095,Wide Company 94,wide94.example,value-94-1,value-94-2,value-94-3,,value-94-5,value-94-6,value-94-7,value-94-8,value-94-9,value-94-10,,value-94-12,value-94-13,value-94-14,value-94-15,value-94-16,value-94-17,,value-94-19,value-94-20,value-94-21,value-94-22,value-94-23,value-94-24,,value-94-26,value-94-27,value-94-28,value-94-29,value-94-30,value-94-31,,value-94-33,value-94-34,value-94-35,value-94-36,value-94-37,value-94-38,,value-94-40,value-94-41,value-94-42,value-94-43,value-94-44,value-94-45,,value-94-47,value-94-48,value-94-49,value-94-50,value-94-51,value-94-52,,value-94-54,value-94-55,value-94-56,value-94-57,value-94-58,value-94-59,,value-94-61,value-94-62,value-94-63,value-94-64,value-94-65,value-94-66,,value-94-68,value-94-69,value-94-70,value-94-71,value-94-72,value-94-73,,value-94-75,value-94-76,value-94-77,value-94-78,value-94-79,value-94-80,,value-94-82,value-94-83,value-94-84,value-94-85,value-94-86,value-94-87,,value-94-89,value-94-90,value-94-91,value-94-92,value-94-93,value-94-94,,value-94-96,value-94-97,value-94-98,value-94-99,value-94-100,value-94-101,,value-94-103,value-94-104,value-94-105,value-94-106,value-94-107,value-94-108,,value-94-110,value-94-111,value-94-112,value-94-113,value-94-114,value-94-115,,value-94-117,value-94-118,value-94-119,value-94-120,value-94-121,value-94-122,,value-94-124,value-94-125,value-94-126,value-94-127,value-94-128,value-94-129,,value-94-131,value-94-132,value-94-133,value-94-134,value-94-135,value-94-136,,value-94-138,value-94-139,value-94-140,value-94-141,value-94-142,value-94-143,,value-94-145,value-94-146,value-94-147,value-94-148,value-94-149,value-94-150,,value-94-152,value-94-153,value-94-154,value-94-155,value-94-156,value-94-157,,value-94-159,value-94-160,value-94-161,value-94-162,value-94-163,value-94-164,,value-94-166,value-94-167,value-94-168,value-94-169,value-94-170,value-94-171,,value-94-173,value-94-174,value-94-175,value-94-176,value-94-177,value-94-178,,value-94-180,value-94-181,value-94-182,value-94-183,value-94-184,value-94-185,,value-94-187,value-94-188,value-94-189,value-94-190,value-94-191,value-94-192,,value-94-194,value-94-195,value-94-196,value-94-197
00000096,Wide Company 95,wide95.example,value-95-1,value-95-2,,value-95-4,value-95-5,value-95-6,value-95-7,value-95-8,value-95-9,,value-95-11,value-95-12,value-95-13,value-95-14,value-95-15,value-95-16,,value-95-18,value-95-19,value-95-20,value-95-21,value-95-22,value-95-23,,value-95-25,value-95-26,value-95-27,value-95-28,value-95-29,value-95-30,,value-95-32,value-95-33,value-95-34,value-95-35,value-95-36,value-95-37,,value-95-39,value-95-40,value-95-41,value-95-42,value-95-43,value-95-44,,value-95-46,value-95-47,value-95-48,value-95-49,value-95-50,value-95-51,,value-95-53,value-95-54,value-95-55,value-95-56,value-95-57,value-95-58,,value-95-60,value-95-61,value-95-62,value-95-63,value-95-64,value-95-65,,value-95-67,value-95-68,value-95-69,value-95-70,value-95-71,value-95-72,,value-95-74,value-95-75,value-95-76,value-95-77,value-95-78,value-95-79,,value-95-81,value-95-82,value-95-83,value-95-84,value-95-85,value-95-86,,value-95-88,value-95-89,value-95-90,value-95-91,value-95-92,value-95-93,,value-95-95,value-95-96,value-95-97,value-95-98,value-95-99,value-95-100,,value-95-102,value-95-103,value-95-104,value-95-105,value-95-106,value-95-107,,value-95-109,value-95-110,value-95-111,value-95-112,value-95-113,value-95-114,,value-95-116,value-95-117,value-95-118,value-95-119,value-95-120,value-95-121,,value-95-123,value-95-124,value-95-125,value-95-126,value-95-127,value-95-128,,value-95-130,value-95-131,value-95-132,value-95-133,value-95-134,value-95-135,,value-95-137,value-95-138,value-95-139,value-95-140,value-95-141,value-95-142,,value-95-144,value-95-145,value-95-146,value-95-147,value-95-148,value-95-149,,value-95-151,value-95-152,value-95-153,value-95-154,value-95-155,value-95-156,,value-95-158,value-95-159,value-95-160,value-95-161,value-95-162,value-95-163,,value-95-165,value-95-166,value-95-167,value-95-168,value-95-169,value-95-170,,value-95-172,value-95-173,value-95-174,value-95-175,value-95-176,value-95-177,,value-95-179,value-95-180,value-95-181,value-95-182,value-95-183,value-95-184,,value-95-186,value-95-187,value-95-188,value-95-189,value-95-190,value-95-191,,value-95-193,value-95-194,value-95-195,value-95-196,value-95-197
00000097,Wide Company 96,wide96.example,value-96-1,,value-96-3,value-96-4,value-96-5,value-96-6,value-96-7,value-96-8,,value-96-10,value-96-11,value-96-12,value-96-13,value-96-14,value-96-15,,value-96-17,value-96-18,value-96-19,value-96-20,value-96-21,value-96-22,,value-96-24,value-96-25,value-96-26,value-96-27,value-96-28,value-96-29,,value-96-31,value-96-32,value-96-33,value-96-34,value-96-35,value-96-36,,value-96-38,value-96-39,value-96-40,value-96-41,value-96-42,value-96-43,,value-96-45,value-96-46,value-96-47,value-96-48,value-96-49,value-96-50,,value-96-52,value-96-53,value-96-54,value-96-55,value-96-56,value-96-57,,value-96-59,value-96-60,value-96-61,value-96-62,value-96-63,value-96-64,,value-96-66,value-96-67,value-96-68,value-96-69,value-96-70,value-96-71,,value-96-73,value-96-74,value-96-75,value-96-76,value-96-77,value-96-78,,value-96-80,value-96-81,value-96-82,value-96-83,value-96-84,value-96-85,,value-96-87,value-96-88,value-96-89,value-96-90,value-96-91,value-96-92,,value-96-94,value-96-95,value-96-96,value-96-97,value-96-98,value-96-99,,value-96-101,value-96-102,value-96-103,value-96-104,value-96-105,value-96-106,,value-96-108,value-96-109,value-96-110,value-96-111,value-96-112,value-96-113,,value-96-115,value-96-116,value-96-117,value-96-118,value-96-119,value-96-120,,value-96-122,value-96-123,value-96-124,value-96-125,value-96-126,value-96-127,,value-96-129,value-96-130,value-96-131,value-96-132,value-96-133,value-96-134,,value-96-136,value-96-137,value-96-138,value-96-139,value-96-140,value-96-141,,value-96-143,value-96-144,value-96-145,value-96-146,value-96-147,value-96-148,,value-96-150,value-96-151,value-96-152,value-96-153,value-96-154,value-96-155,,value-96-157,value-96-158,value-96-159,value-96-160,value-96-161,value-96-162,,value-96-164,value-96-165,value-96-166,value-96-167,value-96-168,value-96-169,,value-96-171,value-96-172,value-96-173,value-96-174,value-96-175,value-96-176,,value-96-178,value-96-179,value-96-180,value-96-181,value-96-182,value-96-183,,value-96-185,value-96-186,value-96-187,value-96-188,value-96-189,value-96-190,,value-96-192,value-96-193,value-96-194,value-96-195,value-96-196,value-96-197
00000098,Wide Company 97,wide97.example,,value-97-2,value-97-3,value-97-4,value-97-5,value-97-6,value-97-7,,value-97-9,value-97-10,value-97-11,value-97-12,value-97-13,value-97-14,,value-97-16,value-97-17,value-97-18,value-97-19,value-97-20,value-97-21,,value-97-23,value-97-24,value-97-25,value-97-26,value-97-27,value-97-28,,value-97-30,value-97-31,value-97-32,value-97-33,value-97-34,value-97-35,,value-97-37,value-97-38,value-97-39,value-97-40,value-97-41,value-97-42,,value-97-44,value-97-45,value-97-46,value-97-47,value-97-48,value-97-49,,value-97-51,value-97-52,value-97-53,value-97-54,value-97-55,value-97-56,,value-97-58,value-97-59,value-97-60,value-97-61,value-97-62,value-97-63,,value-97-65,value-97-66,value-97-67,value-97-68,value-97-69,value-97-70,,value-97-72,value-97-73,value-97-74,value-97-75,value-97-76,value-97-77,,value-97-79,value-97-80,value-97-81,value-97-82,value-97-83,value-97-84,,value-97-86,value-97-87,value-97-88,value-97-89,value-97-90,value-97-91,,value-97-93,value-97-94,value-97-95,value-97-96,value-97-97,value-97-98,,value-97-100,value-97-101,value-97-102,value-97-103,value-97-104,value-97-105,,value-97-107,value-97-108,value-97-109,value-97-110,value-97-111,value-97-112,,value-97-114,value-97-115,value-97-116,value-97-117,value-97-118,value-97-119,,value-97-121,value-97-122,value-97-123,value-97-124,value-97-125,value-97-126,,value-97-128,value-97-129,value-97-130,value-97-131,value-97-132,value-97-133,,value-97-135,value-97-136,value-97-137,value-97-138,value-97-139,value-97-140,,value-97-142,value-97-143,value-97-144,value-97-145,value-97-146,value-97-147,,value-97-149,value-97-150,value-97-151,value-97-152,value-97-153,value-97-154,,value-97-156,value-97-157,value-97-158,value-97-159,value-97-160,value-97-161,,value-97-163,value-97-164,value-97-165,value-97-166,value-97-167,value-97-168,,value-97-170,value-97-171,value-97-172,value-97-173,value-97-174,value-97-175,,value-97-177,value-97-178,value-97-179,value-97-180,value-97-181,value-97-182,,value-97-184,value-97-185,value-97-186,value-97-187,value-97-188,value-97-189,,value-97-191,value-97-192,value-97-193,value-97-194,value-97-195,value-97-196,
00000099,Wide Company 98,wide98.example,value-98-1,value-98-2,value-98-3,value-98-4,value-98-5,value-98-6,,value-98-8,value-98-9,value-98-10,value-98-11,value-98-12,value-98-13,,value-98-15,value-98-16,value-98-17,value-98-18,value-98-19,value-98-20,,value-98-22,value-98-23,value-98-24,value-98-25,value-98-26,value-98-27,,value-98-29,value-98-30,value-98-31,value-98-32,value-98-33,value-98-34,,value-98-36,value-98-37,value-98-38,value-98-39,value-98-40,value-98-41,,value-98-43,value-98-44,value-98-45,value-98-46,value-98-47,value-98-48,,value-98-50,value-98-51,value-98-52,value-98-53,value-98-54,value-98-55,,value-98-57,value-98-58,value-98-59,value-98-60,value-98-61,value-98-62,,value-98-64,value-98-65,value-98-66,value-98-67,value-98-68,value-98-69,,value-98-71,value-98-72,value-98-73,value-98-74,value-98-75,value-98-76,,value-98-78,value-98-79,value-98-80,value-98-81,value-98-82,value-98-83,,value-98-85,value-98-86,value-98-87,value-98-88,value-98-89,value-98-90,,value-98-92,value-98-93,value-98-94,value-98-95,value-98-96,value-98-97,,value-98-99,value-98-100,value-98-101,value-98-102,value-98-103,value-98-104,,value-98-106,value-98-107,value-98-108,value-98-109,value-98-110,value-98-111,,value-98-113,value-98-114,value-98-115,value-98-116,value-98-117,value-98-118,,value-98-120,value-98-121,value-98-122,value-98-123,value-98-124,value-98-125,,value-98-127,value-98-128,value-98-129,value-98-130,value-98-131,value-98-132,,value-98-134,value-98-135,value-98-136,value-98-137,value-98-138,value-98-139,,value-98-141,value-98-142,value-98-143,value-98-144,value-98-145,value-98-146,,value-98-148,value-98-149,value-98-150,value-98-151,value-98-152,value-98-153,,value-98-155,value-98-156,value-98-157,value-98-158,value-98-159,value-98-160,,value-98-162,value-98-163,value-98-164,value-98-165,value-98-166,value-98-167,,value-98-169,value-98-170,value-98-171,value-98-172,value-98-173,value-98-174,,value-98-176,value-98-177,value-98-178,value-98-179,value-98-180,value-98-181,,value-98-183,value-98-184,value-98-185,value-98-186,value-98-187,value-98-188,,value-98-190,value-98-191,value-98-192,value-98-193,value-98-194,value-98-195,,value-98-197
00000100,Wide Company 99,wide99.example,value-99-1,value-99-2,value-99-3,value-99-4,value-99-5,,value-99-7,value-99-8,value-99-9,value-99-10,value-99-11,value-99-12,,value-99-14,value-99-15,value-99-16,value-99-17,value-99-18,value-99-19,,value-99-21,value-99-22,value-99-23,value-99-24,value-99-25,value-99-26,,value-99-28,value-99-29,value-99-30,value-99-31,value-99-32,value-99-33,,value-99-35,value-99-36,value-99-37,value-99-38,value-99-39,value-99-40,,value-99-42,value-99-43,value-99-44,value-99-45,value-99-46,value-99-47,,value-99-49,value-99-50,value-99-51,value-99-52,value-99-53,value-99-54,,value-99-56,value-99-57,value-99-58,value-99-59,value-99-60,value-99-61,,value-99-63,value-99-64,value-99-65,value-99-66,value-99-67,value-99-68,,value-99-70,value-99-71,value-99-72,value-99-73,value-99-74,value-99-75,,value-99-77,value-99-78,value-99-79,value-99-80,value-99-81,value-99-82,,value-99-84,value-99-85,value-99-86,value-99-87,value-99-88,value-99-89,,value-99-91,value-99-92,value-99-93,value-99-94,value-99-95,value-99-96,,value-99-98,value-99-99,value-99-100,value-99-101,value-99-102,value-99-103,,value-99-105,value-99-106,value-99-107,value-99-108,value-99-109,value-99-110,,value-99-112,value-99-113,value-99-114,value-99-115,value-99-116,value-99-117,,value-99-119,value-99-120,value-99-121,value-99-122,value-99-123,value-99-124,,value-99-126,value-99-127,value-99-128,value-99-129,value-99-130,value-99-131,,value-99-133,value-99-134,value-99-135,value-99-136,value-99-137,value-99-138,,value-99-140,value-99-141,value-99-142,value-99-143,value-99-144,value-99-145,,value-99-147,value-99-148,value-99-149,value-99-150,value-99-151,value-99-152,,value-99-154,value-99-155,value-99-156,value-99-157,value-99-158,value-99-159,,value-99-161,value-99-162,value-99-163,value-99-164,value-99-165,value-99-166,,value-99-168,value-99-169,value-99-170,value-99-171,value-99-172,value-99-173,,value-99-175,value-99-176,value-99-177,value-99-178,value-99-179,value-99-180,,value-99-182,value-99-183,value-99-184,value-99-185,value-99-186,value-99-187,,value-99-189,value-99-190,value-99-191,value-99-192,value-99-193,value-99-194,,value-99-196,value-99-197
